user_name,nickname,repetitions,followers,timecode_utc
Daddy Demi,CapoeiraPanda,1,2554,2016-04-28T09:00:00
Appetites IOM,IOMAppetites,1,20,2016-04-28T09:00:00
[相互]ねねっとTechDiner,nenet_techdiner,1,1760,2016-04-28T09:00:00
Wycombe W News,news_wycombe,1,256,2016-04-28T09:00:00
高松来太,CJk3uFkFVZ6HcSE,1,101,2016-04-28T09:00:00
TOMOAKI,TOMOAKI200,1,2,2016-04-28T09:00:00
The Nick of Time,nicholasibekwe,1,7045,2016-04-28T09:00:00
まさとんぷ,mawafuji,1,,2016-04-28T09:00:00
Techie Report,TechieReport,1,176,2016-04-28T09:00:00
Vιη¢єηт ℓ.,ktorz,1,1036,2016-04-28T09:00:00
Ria,RiaYahYah,1,800,2016-04-28T09:00:00
Rochelle Savoie,rochelle308,5,37,2016-04-28T09:00:00
cam cam,4Maloley,1,18,2016-04-28T09:00:00
Magnifique,MagnifiqueLOA,1,113,2016-04-28T09:00:00
แม่บ้านYG,aodniparat,1,63,2016-04-28T09:00:00
片岡かるあ@スプラトゥーン,karu9ma,4,111,2016-04-28T09:00:00
酒日和,3rmmP,3,3,2016-04-28T09:00:00
TORU MIYANO | 宮野徹,ToruMiyano,1,2808,2016-04-28T09:00:00
CRY,sweetmedussaxxx,1,311,2016-04-28T09:00:00
Hassan,hsn09,3,635,2016-04-28T09:00:00
Paweł Orzech,pawelorzech,2,12638,2016-04-28T09:00:00
Android_ZA,Android_ZA,1,99,2016-04-28T09:00:00
Carolina Estrada,CarolEstrada23,1,195,2016-04-28T09:00:00
John Chase Maxwell,BigSkyGuy57,1,474,2016-04-28T09:00:00
Youbidder Frantz,FrantzYoubidder,7,73,2016-04-28T09:00:00
❱❱SHOKO❱❱,1D_RIPSLYME,2,553,2016-04-28T09:00:00
Youtuber Fangirl 101,NadiaRoa21,1,152,2016-04-28T09:00:00
เบ๊อะบ๊ะ,loVe_isyoung,1,68,2016-04-28T09:00:00
firou,ultrAslan44,1,361,2016-04-28T09:00:00
りんご,kasutera0666,3,,2016-04-28T09:00:00
0g,XXH_YOUNG,1,10,2016-04-28T09:00:00
みるくぱん,kokislife,1,5,2016-04-28T09:00:00
芸能速報２ちゃんまとめ,vxt8278e1,1,1502,2016-04-28T09:00:00
Emmalouise Cassidy,emma_cassidy0,1,3,2016-04-28T09:00:00
Laaa,lalasrhh,1,561,2016-04-28T09:00:00
Apple Watch Giveaway,CoolAppleWatch,1,1,2016-04-28T09:00:00
りお@毒林檎,Nephilim_apple,1,66,2016-04-28T09:00:00
MARK MIXX,markmixx,1,241,2016-04-28T09:00:00
PRO Technology News,ProTech_News,3,2081,2016-04-28T09:00:00
ハービー,Herbie_Nadja,34,38,2016-04-28T09:00:00
Gadgets Magazine,GadgetsMagz,18,271,2016-04-28T09:00:00
amishi,7U06uY6XjnZAJqm,1,32,2016-04-28T09:00:00
Sentifi HK Market,Sentifi_HK,4,2829,2016-04-28T09:00:00
Mike Boyd,mike_boyd,1,1117,2016-04-28T09:00:00
AlireZa ReZvani,RezvaniAlireza,3,10,2016-04-28T09:00:00
허니,honey_0123_,1,46,2016-04-28T09:00:00
あらい,ganeme_D,2,502,2016-04-28T09:00:00
Pure Unfoldment Inc,PureUnfoldment,3,80515,2016-04-28T09:00:00
`Pgz,PranGGiieZ,1,156,2016-04-28T09:00:00
CRAZY CANDY きなこあめ,apple_candy8240,45,221,2016-04-28T09:00:00
あーこ,aaaaaaakooo,1,39,2016-04-28T09:00:00
樂園happy,happy72008048,1,9,2016-04-28T09:00:00
Chickymew,Chickymew07,1,85,2016-04-28T09:00:00
cn913,cNgwGw,1,3,2016-04-28T09:00:00
FlowerPower Vase,flowerpowrvase,1,924,2016-04-28T09:00:00
Moalbi Xoekpa,Moalbi__Xoekpa,92,81,2016-04-28T09:00:00
price-scanner,price_scanner,9,640,2016-04-28T09:00:00
very best deal,verybestdeal,2,48,2016-04-28T09:00:00
-BFK.GEBS-,BFKRRM,1,420,2016-04-28T09:00:00
@KolaysMode,KolaysMode,50,374,2016-04-28T09:00:00
ANONYMOUS DAISY,AnonymousDaisy0,5,262,2016-04-28T09:00:00
MOB,mobreporter,2,53,2016-04-28T09:00:00
たくや,kaibutu464911,1,481,2016-04-28T09:00:00
Alvaro Gutiérrez,Alvarogut,1,185,2016-04-28T09:00:00
たちばな ふじお,kcniyeseelibuj,2,43,2016-04-28T09:00:00
Job Coconut,job_coconut,1,760,2016-04-28T09:00:00
young forever,kunpimookkkk,1,124,2016-04-28T09:00:00
むひ,MUHI_MUHI,2,91,2016-04-28T09:00:00
buy grand deals,buy_grand,2,11,2016-04-28T09:00:00
Francisco Jácome™,Pancho_Jacome,13,622,2016-04-28T09:00:00
Sus Suidae,SusSuidae,1,215,2016-04-28T09:00:00
dinora,ositaamador358,1,211,2016-04-28T09:00:00
apprank,appranknow,41,7,2016-04-28T09:00:00
เปิดประตูหน่อย,NiCeL3424,1,246,2016-04-28T09:00:00
ゆうと,Dateyama53,1,13,2016-04-28T09:00:00
ARDALAN DLAWAR,ardadady,1,122,2016-04-28T09:00:00
ultra great item,GreatUltra,4,31,2016-04-28T09:00:00
Donald Slump,FlyingClutchman,1,331,2016-04-28T09:00:00
Intelli Atlas,intelliatlas,3,700,2016-04-28T09:00:00
Krissyg927,tseracing1,3,846,2016-04-28T09:00:00
ㅤㅤㅤ,jeonjeonggugi,1,484,2016-04-28T09:00:00
張,S5R5FEOqzTHzBDk,5,,2016-04-28T09:00:00
3원,dongsuke8,1,244,2016-04-28T09:00:00
จินอปป้าˇˇ,apple_aapp,8,23,2016-04-28T09:00:00
MegapolisPune,MegapolisPune,1,142,2016-04-28T09:00:00
soul keeper,akashisbabe,1,1141,2016-04-28T09:00:00
伯爵いも,earl_tuberosum,1,35,2016-04-28T09:00:00
mads,mmaadddiii_,1,351,2016-04-28T09:00:00
บอว.,yabbie_bay,1,755,2016-04-28T09:00:00
Devon Garcia,CarsForNoCredit,1,56,2016-04-28T09:00:00
Poison City Records,poisoncity,2,4048,2016-04-28T09:00:00
chenowethellan,chenowethellan,1,461,2016-04-28T09:00:00
Norah,9mtNoni,1,701,2016-04-28T09:00:00
美香,6ufOb13bTdW5GVF,2,1,2016-04-28T09:00:00
りずりず@ship1,rzknrrrrrrrr,7,92,2016-04-28T09:00:00
Wifiscan,team_wifiscan,2,87,2016-04-28T09:00:00
NOVAFORCE,NovaForce1,1,71,2016-04-28T09:00:00
chafiky,chafikyahou,1,2058,2016-04-28T09:00:00
‍すのカス,_snow_apple_,12,335,2016-04-28T09:00:00
映画『スティーブ・ジョブズ』,jobs1101,1,622,2016-04-28T09:00:00
find super item,findsuperitem,8,28,2016-04-28T09:00:00
ตุเองง่า:♡,ibkwonjx_,1,300,2016-04-28T09:00:00
Helenbrabra°,HelenBrabra,1,181,2016-04-28T09:00:00
石,abedorl,1,1,2016-04-28T09:00:00
Sinkai Sosuke,sw9284,8,1445,2016-04-28T09:00:00
Amparos GPS Media,GPSAmparos,3,1109,2016-04-28T09:00:00
juveria*Divyanka,JuveriaDivyanka,1,18,2016-04-28T09:00:00
ABNC Internetbureau,ABNConline,1,46,2016-04-28T09:00:00
Jay Elkin,ElkinJay,1,64,2016-04-28T09:00:00
alliah,iamajarcelo,1,330,2016-04-28T09:00:00
おーせ@じゃぶっきー\m/,apple_drop1121,2,333,2016-04-28T09:00:00
Aasis Vinayak,aasisvinayak,4,30436,2016-04-28T09:00:00
Sivi,Apple_Sivi,1,216,2016-04-28T09:00:00
Faasbu Qoalfe,Faasbu__Qoalfe,17,21,2016-04-28T09:00:00
奇跡のアラフィフ ヒトミ,hitomiriry_h,1,968,2016-04-28T09:00:00
nyamz,_anyamekye_xo,1,642,2016-04-28T09:00:00
Ony Rodríguez ,OnyRod,1,277,2016-04-28T09:00:00
Eugene Perry,EugenePerry01,1,113,2016-04-28T09:00:00
Sachin,taurusweb,1,324,2016-04-28T09:00:00
Teras Teh,TerasTeh,1,48,2016-04-28T09:00:00
ammy,ammy_ampber,1,30,2016-04-28T09:00:00
Alan H ,acchuang,1,319,2016-04-28T09:00:00
tekuteku,sato_tomohiko,2,,2016-04-28T09:00:00
Dyodong,aya_dyo,1,16,2016-04-28T09:00:00
Pattamon S,morkpyn,1,211,2016-04-28T09:00:00
Forge : SP,Forge_SP,1,739,2016-04-28T09:00:00
Toni Tran,trantoni2,1,433,2016-04-28T09:00:00
TOSHINARI,ToshinarI_Japan,1,956,2016-04-28T09:00:00
mall4,mall4everything,6,236,2016-04-28T09:00:00
ab;,shadow0lfz,1,3863,2016-04-28T09:00:00
Eric de Marylebone,EricdeMarylebon,1,3971,2016-04-28T09:00:00
بحار في زمان العجايب,v1vS48mdbhcCp97,1,1,2016-04-28T09:00:00
Ken Robinson,superscoutken,1,1395,2016-04-28T09:00:00
+TRUTH+BI+CHES+,esthereejumps,1,161,2016-04-28T09:00:00
Karis ♛VIP♛,KarisLing,1,302,2016-04-28T09:00:00
Kenneth Manusama,KennethManusama,1,339,2016-04-28T09:00:00
เบื่อing,iambaii,1,183,2016-04-28T09:00:00
5ปีก็รอได้:),panzkjbr,1,274,2016-04-28T09:00:00
黒兎,kuroto1111,1,28,2016-04-28T09:00:00
Jeux Concours,jeuxconcours44,1,,2016-04-28T09:00:00
❥ซัลลี่ไงจะใครล่ะ❥,kamonros_som,1,1816,2016-04-28T09:00:00
Anais Lara,anaislara,1,479,2016-04-28T09:00:00
りんごパイ,apple__pie_s,52,109,2016-04-28T09:00:00
Vioksa Veejga,Vioksa__Veejga,82,111,2016-04-28T09:00:00
sttas-,parallelogramnn,1,23,2016-04-28T09:00:00
Fernando Danielo Cor,Correapereyra,1,2661,2016-04-28T09:00:00
Bedava IOS Uygulama,Bedava_uygulama,3,21,2016-04-28T09:00:00
滝沢歌舞伎のチケット情報（チケ流）,takizawakabuki_,2,10,2016-04-28T09:00:00
新ユサレイド◢ ◤,NyuRAID,4,2515,2016-04-28T09:00:00
Vodio Sports News,VodioSports,55,232,2016-04-28T09:00:00
Russula Undressed,destebanica,3,936,2016-04-28T09:00:00
Vinay,vinukj,3,188,2016-04-28T09:00:00
『จกเกอ ιѕ yoυr тoy』,ZANY96_,1,1106,2016-04-28T09:00:00
Kris Gonsalves,Kris_Gonsalves,2,76,2016-04-28T09:00:00
글쓰자♡츄랑몽♡츄야♡임자는뢈쨩♡,HQ_qordmldutls,1,173,2016-04-28T09:00:00
ع.,shuhada_husni,1,133,2016-04-28T09:00:00
あんずはBe@柑橘類☆ﾌﾞﾙﾍﾞﾘｱｲ↑,anzu_apple_,19,318,2016-04-28T09:00:00
멍청 하늘,Newty_lee,1,210,2016-04-28T09:00:00
Teso's Finest,Apple_Shapple,3,258,2016-04-28T09:00:00
NoticiasNewss,NoticiasNewss,1,956,2016-04-28T09:00:00
コボ,BbKobo14,2,29,2016-04-28T09:00:00
eslam gomaa,eslamgo35090580,1,4,2016-04-28T09:00:00
Titia Siertsema,TitiaSiertsema,1,2216,2016-04-28T09:00:00
Rangers Fan App,GersApp,3,20165,2016-04-28T09:00:00
YK,kiehl1000,1,1,2016-04-28T09:00:00
Susan,suesue477,1,118,2016-04-28T09:00:00
びび。@目指せ低浮上,__Tripper_mofu_,1,424,2016-04-28T09:00:00
Apple Noticias,tuitApple,9,11950,2016-04-28T09:00:00
Apple Insider,TheAppleInsider,11,16595,2016-04-28T09:00:00
Silver Valley Doctor,silvervalleydoc,1,368,2016-04-28T09:00:00
EhsanOffers,EhsanOffers,59,260,2016-04-28T09:00:00
Mark Wareham,Markamel01,1,2,2016-04-28T09:00:00
Irene Gatpayat,ireneeetots,1,36,2016-04-28T09:00:00
りぃ@crew,apple_uw,1,312,2016-04-28T09:00:00
rhonda rossik,rhondavr1974,1,46,2016-04-28T09:00:00
برشلوني محنك,Ryaaaan27,3,916,2016-04-28T09:00:00
Anita Rose,pinxarose,1,311,2016-04-28T09:00:00
APRIL.F.A,aprilnoFA,1,32,2016-04-28T09:00:00
Masaki Matsumura,allendshadow,1,446,2016-04-28T09:00:00
Halfdaydiet,halfdaydiet1,1,127,2016-04-28T09:00:00
ซูจูอินดาเฮ้าส์,kanhanhyuk,1,457,2016-04-28T09:00:00
Diana Sinaud,Miss_Sinaud,2,91,2016-04-28T09:00:00
Mike,Mikegalax,1,38,2016-04-28T09:00:00
Melesha MUFC,KingMELESHA,1,845,2016-04-28T09:00:00
Pheobe Winston,FeebeeeWin,2,43,2016-04-28T09:00:00
Suheef Uddin,suheef,1,85,2016-04-28T09:00:00
BidGulp,BidGulp,6,3794,2016-04-28T09:00:00
Weacri Maewyo,Weacri__Maewyo,62,141,2016-04-28T09:00:00
Devil Haunter,santrikatar,1,373,2016-04-28T09:00:00
稼げるアプリ集！,kozukai211,2,352,2016-04-28T09:00:00
Randy Knaub,rknaub,1,478,2016-04-28T09:00:00
Cary S. Hedges,carybot,3,489,2016-04-28T09:00:00
henbin,lordmiino,1,112,2016-04-28T09:00:00
96_りそうのりんご,risouno_apple,1,903,2016-04-28T09:00:00
B-Hass,BEaZy2323,1,1128,2016-04-28T09:00:00
Los Chollos de Hoy,chollosdehoy,1,1415,2016-04-28T09:00:00
Christopher Scott,36Nmarcos,1,146,2016-04-28T09:00:00
EVJ Ltd,EVJltd,1,664,2016-04-28T09:00:00
m.a,majdi_433,1,83,2016-04-28T09:00:00
عادل,adielm991,1,3,2016-04-28T09:00:00
รูปดิสแก้บน*อย่าตกใจ,itspearp,1,349,2016-04-28T09:00:00
Mandy,MinnieMouse1979,1,69,2016-04-28T09:00:00
๗๒♡,UyunBaekBee,1,42,2016-04-28T09:00:00
dennisrowenik,dennisrowenik,1,413,2016-04-28T09:00:00
Mo Allan,wingy27,1,204,2016-04-28T09:00:00
BONFIREMUZIK,BONFIREMUZIK058,2,641,2016-04-28T09:00:00
Be my Nimo,xbaerise_,1,956,2016-04-28T09:00:00
HogarDelMovil.es,HogarDelMovil,2,96,2016-04-28T09:00:00
フルーレル,syassunm71,1,6,2016-04-28T09:00:00
Scummy Mummies,scummymummies,1,3121,2016-04-28T09:00:00
Vodio Comedy,VodioComedy,37,387,2016-04-28T09:00:00
らんぎく,langiku,1,361,2016-04-28T09:00:00
Koba Magey Vote,KobaMageyVote,1,6149,2016-04-28T09:00:00
Gamer,Gamer99531916,6,2545,2016-04-28T09:00:00
trendybizz,trendybizz,5,1782,2016-04-28T09:00:00
박예은,pqyded,2,,2016-04-28T09:00:00
Stefano,steveitaly,2,2111,2016-04-28T09:00:00
Fact,TaipppZzz,1,25,2016-04-28T09:00:00
Inactive bc exam ✌,GDYBxHanbin,1,6707,2016-04-28T09:00:00
ฟชย.,Ohfrm,1,627,2016-04-28T09:00:00
wentworth,lillyeiei,1,676,2016-04-28T09:00:00
.,JasThePhilo,1,1208,2016-04-28T09:00:00
Always ❤️,toey_teukmylove,1,899,2016-04-28T09:00:00
allison☀☆,eunhaebuttz,1,1194,2016-04-28T09:00:00
TEAM-SPOTIFY-SHAZAM❤,ElizeuGomez9,1,479,2016-04-28T09:00:00
canal marketing,canal_marketing,2,2636,2016-04-28T09:00:00
Apple Tasty,appletasty,14,2038,2016-04-28T09:00:00
jimi disu,jimidisu,1,15125,2016-04-28T09:00:00
Internet Mind,internet_mind,1,367,2016-04-28T09:00:00
ハレアメ,PizzaNeko,1,8,2016-04-28T09:00:00
札幌モンスト中毒野郎,akamaru5533,1,317,2016-04-28T09:00:00
Chris Charstone,CCharstone,1,4,2016-04-28T09:00:00
Joanne Nye,JoNye_Syntax,1,164,2016-04-28T09:00:00
My Racing Tips,myracingtips,1,146932,2016-04-28T09:00:00
ゆきぇもん,yukink0kin,1,,2016-04-28T09:00:00
ARIA,ARIAprojet,1,120,2016-04-28T09:00:00
L-Moses,JAWKNEEbiscuit,1,584,2016-04-28T09:00:00
ちかね,apple_onmayu,8,117,2016-04-28T09:00:00
DJ BigVic,DJ_BIGVIC,6,107077,2016-04-28T09:00:00
اعلان دورات تدريب,training_2020,1,16777,2016-04-28T09:00:00
BEST DEALS HERE,BEDEALz,43,318,2016-04-28T09:00:00
John Jack James Tres,tres444,1,3815,2016-04-28T09:00:00
Rob Abdul,robabdul,1,43233,2016-04-28T09:00:00
Jahangir Khalid,JahangirKhalid,1,71,2016-04-28T09:00:00
Promoin yuk !!!,TuwitPromote,1,661,2016-04-28T09:00:00
水華@猫になりたい✿いいん会,ba0c3000bd6049d,1,434,2016-04-28T09:00:00
Mortgage News,financ_mortgage,3,45,2016-04-28T09:00:00
Apple Wee,apple_wee4,3,115,2016-04-28T09:00:00
"#ElisaOn",ElisaONnewmusic,2,1,2016-04-28T09:00:00
buy superb deal,SuperbBuy,3,24,2016-04-28T09:00:00
Elena,elenakikipoula,2,38,2016-04-28T09:00:00
プロスピA専用アカ無課金,A25880556A,1,15,2016-04-28T09:00:00
しおり,sio520,2,22,2016-04-28T09:00:00
Puugpo Jiorju,Puugpo__Jiorju,28,112,2016-04-28T09:00:00
Gizmodo full,gizmodofull,1,114,2016-04-28T09:00:00
Heng Angkea,angkea_heng,1,25,2016-04-28T09:00:00
Edwards of Conwy,EdwardsofConwy,1,4524,2016-04-28T09:00:00
TNWRSS,tnwrss,1,32,2016-04-28T09:00:00
Nadia,NDnadiaa,1,175,2016-04-28T09:00:00
April Morgan,April_Music1,1,566,2016-04-28T09:00:00
Gamze,Gamze02930501,1,8,2016-04-28T09:00:00
CIO●OPINES,CIOBlogs,2,278,2016-04-28T09:00:00
iPhone Apps,iPhone_Apps_SnD,1,1462,2016-04-28T09:00:00
taeyongsquad,sjshinki,1,88,2016-04-28T09:00:00
hazem,hazemyamani1,1,2,2016-04-28T09:00:00
Kostya Sarichev,Apple__Inside,4,150,2016-04-28T09:00:00
Mark Forrest,Obidoc,1,3751,2016-04-28T09:00:00
Dorothy Walker,dorothy98734661,1,395,2016-04-28T09:00:00
Abi Dheyme,Its_Aabii,1,836,2016-04-28T09:00:00
جيك,GeekBoda,2,1694,2016-04-28T09:00:00
Line Lingibé,LineLingibe,1,28,2016-04-28T09:00:00
bob,yoppie12,2,11,2016-04-28T09:00:00
Thema Apple,appapplede,36,1603,2016-04-28T09:00:00
DoYouGeek?,DoYouGeek,2,4380,2016-04-28T09:00:00
ALEXIS,alesshar,2,1065,2016-04-28T09:00:00
akom360,akom360,1,897,2016-04-28T09:00:00
Top iPhone Games,TopiPhone_Games,12,237,2016-04-28T09:00:00
ituap,ituap,29,172,2016-04-28T09:00:00
ペペロン,peperon999,1,16130,2016-04-28T09:00:00
TelepathApp,TelepathApp,2,87,2016-04-28T09:00:00
有澤春香,h___a0311,1,277,2016-04-28T09:00:00
マサヤネン,masayanen0905,1,,2016-04-28T09:00:00
ななお　まさこ,masako0000,1,93,2016-04-28T09:00:00
Yunie,YunieSunnie,1,486,2016-04-28T09:00:00
ぱるぴ,paruchan_777,1,223,2016-04-28T09:00:00
Girls Board(女子大生アプリ),girls_board,1,809,2016-04-28T09:00:00
rudroids,rudroids,1,22249,2016-04-28T09:00:00
buy splendid deal,SplendidBuy,7,44,2016-04-28T09:00:00
Mindfree.fr,Mindfree_fr,9,50716,2016-04-28T09:00:00
トリイ産業トウマ【破天荒式】,toma_toriiRandD,1,459,2016-04-28T09:00:00
Dorian Percheron,dodidododorian,1,79,2016-04-28T09:00:00
kkmda,laraddd214521,1,,2016-04-28T09:00:00
Stef Ivanov,DesignerUIUX,1,2095,2016-04-28T09:00:00
franciscotaren,vladimirasale,1,451,2016-04-28T09:00:00
User One,TaliterQualiter,6,520,2016-04-28T09:00:00
Martin Diaz Alvarez,martindialvarez,1,3021,2016-04-28T09:00:00
yasir abbas,dryasir0123,1,34,2016-04-28T09:00:00
nathan battle,MrNateB,2,49,2016-04-28T09:00:00
Halima Iis,halimaiis,1,1561,2016-04-28T09:00:00
川平慈偉弧,URBANFUNKism,5,858,2016-04-28T09:00:00
ヒデ,nRA80tP1WLYFLeM,3,15,2016-04-28T09:00:00
onrefaitlemac,onrefaitlemac,1,7468,2016-04-28T09:00:00
Cécile Lazaro,CecileLazaro,1,76,2016-04-28T09:00:00
james,ddlexus,1,3431,2016-04-28T09:00:00
Top Apps für Mac,AppsFuerMac,2,92,2016-04-28T09:00:00
AJAY KUMAR SINGH,AJAYKSINGH007,1,1028,2016-04-28T09:00:00
M3,M3Redaktion,1,1780,2016-04-28T09:00:00
이푸름,dlvnfma83,1,19,2016-04-28T09:00:00
Catur.M4y,4may_25,2,172,2016-04-28T09:00:00
รอได้.,fff_film12,1,113,2016-04-28T09:00:00
sammy@珠綾ヲタ,ryouhas,1,902,2016-04-28T09:00:00
MeloTech,tech_melo,1,42,2016-04-28T09:00:00
aburnz,AlyssaBurnell,1,738,2016-04-28T09:00:00
U-MIO,UMIOvercome,1,2061,2016-04-28T09:00:00
Kalaweit Radio,kalaweit991FM,2,5058,2016-04-28T09:00:00
นัมแทคนสวย,swtminy,1,69,2016-04-28T09:00:00
CabaretUpdates,cabaretupdates,1,1022,2016-04-28T09:00:00
The Nigerian Engine™,NG_Engine,3,486,2016-04-28T09:00:00
"JINNY, P.",parkjinnty,1,832,2016-04-28T09:00:00
About iPhone,AboutiPhone14,26,423,2016-04-28T09:00:00
"Angenine A.,DDM",iamchinkay,1,535,2016-04-28T09:00:00
tfn,spkaeww,1,331,2016-04-28T09:00:00
ステレオ(stereo0564),stereocrown,1,265,2016-04-28T09:00:00
ready for war is OUT,purposefromjb,2,3912,2016-04-28T09:00:00
Suzu＠ニキ日記,torihiki_kj_,9,40,2016-04-28T09:00:00
Jose Antonio Téllez,jatellezmartin,1,152,2016-04-28T09:00:00
Kuark Dijital,KuarkDijital,1,209,2016-04-28T09:00:00
obito uchiha,uchihaclanobito,1,1237,2016-04-28T09:00:00
Wuuvpa Vausbo,Wuuvpa__Vausbo,53,90,2016-04-28T09:00:00
darmawan,derm4one,1,14,2016-04-28T09:00:00
Say When,ItsAReckoning,2,13282,2016-04-28T09:00:00
TEEGEE☆,Chocobua,1,161,2016-04-28T09:00:00
Justin Brown,brizzleville26,1,17,2016-04-28T09:00:00
白猫ガチャ研究所,shironekogatya,64,10960,2016-04-28T09:00:00
Maicon Strey,mstrey,1,342,2016-04-28T09:00:00
わたあめ,kiriwata3,1,415,2016-04-28T09:00:00
Design Geeks,DesignGeeksOrg,8,14742,2016-04-28T09:00:00
La Carotte,babyjolly88,1,11,2016-04-28T09:00:00
Anca,therealanca,1,854,2016-04-28T09:00:00
雛璃亜,kulala1120,2,14,2016-04-28T09:00:00
Norlin Z,norlinza,1,105,2016-04-28T09:00:00
itumv,itumv,27,166,2016-04-28T09:00:00
BUDUĆI PREDSEDNIK,SRBPREDSEDNIK,1,13461,2016-04-28T09:00:00
londonmultimedianews,LondonMMNews,1,296,2016-04-28T09:00:00
なみ,yam409,1,236,2016-04-28T09:00:00
【a9ua】zCqNdy,xRaNRqN_Apple_,5,522,2016-04-28T09:00:00
BarelyVisibleBobby,Tujel_as_ikonic,1,53,2016-04-28T09:00:00
SthCoastConnections,SCCDorset,1,1077,2016-04-28T09:00:00
Marketer XXI,MarketerXXI,1,856,2016-04-28T09:00:00
Sacchan&Ray,hime_moriguchi,1,1513,2016-04-28T09:00:00
Antonio Crispino,antocrispino,1,383,2016-04-28T09:00:00
メツトリ,simatea9,2,9,2016-04-28T09:00:00
Kylene| y o o n g i,Kyln_Twt,1,176,2016-04-28T09:00:00
Andrea Mahoney,AndreaMahoneyWF,1,720,2016-04-28T09:00:00
Mac & i,mac_and_i,3,16110,2016-04-28T09:00:00
ʕ•ᴥ•ʔ,AugustKmzq_,1,218,2016-04-28T09:00:00
find good deals,findgooddeals5,8,20,2016-04-28T09:00:00
CyMoon,CyM00n,26,265,2016-04-28T09:00:00
東方系統01,zawajnb001,1,15,2016-04-28T09:00:00
アップル,apple_pie_bed,4,58,2016-04-28T09:00:00
iCloud,icloud_apple01,1,31,2016-04-28T09:00:00
Kevin O'Donnell,Drincwine,2,829,2016-04-28T09:00:00
Andre,andr3kumala,1,8,2016-04-28T09:00:00
JJooNe,SpadeJN123,1,462,2016-04-28T09:00:00
楽画cute,Rakugacute,1,434,2016-04-28T09:00:00
David Arnoldo Loredo,Cydavid,1,365,2016-04-28T09:00:00
Amazon.jp now,Amazonjp_now,2,1573,2016-04-28T09:00:00
NOEYEOL ☆,NoeyPatsita,1,76,2016-04-28T09:00:00
didier_botella,didier_botella,2,638,2016-04-28T09:00:00
tika ☄,atkhafrzl,1,454,2016-04-28T09:00:00
Michael Felder,InTheBleachers,1,17262,2016-04-28T09:00:00
Ngatmuri,Koceng23,1,33,2016-04-28T09:00:00
TOM YOUNG,PEACEPLUSONES,1,10,2016-04-28T09:00:00
Conrad L.,ConradCNN,1,15529,2016-04-28T09:00:00
ゆうや,yuya1429m,1,,2016-04-28T09:00:00
มิมี่ミ,cixnus,1,218,2016-04-28T09:00:00
ゅ,lgxhl,3,2,2016-04-28T09:00:00
Listus,listusorg,1,46,2016-04-28T09:00:00
Info Intelijen,InfoIntelijen,1,281,2016-04-28T09:00:00
잡덕러 두더지 (AppleMole),Mole_Apple,12,17,2016-04-28T09:00:00
トラッシュ,a5nath271gx901,2,12,2016-04-28T09:00:00
ゆずぽむ提督＠千＊フロ応援中！,Yuzu_PLcot_sbcl,1,90,2016-04-28T09:00:00
App Storeランキング急上昇情報,AppStoreHit,55,1183,2016-04-28T09:00:00
"VintageVench#2016",GivenchyShabazz,1,121,2016-04-28T09:00:00
ジェムコフロンティア,jemco_frontier,2,194,2016-04-28T09:00:00
PETER MOLYNEUX,WEIGHTPERFECT,1,2208,2016-04-28T09:00:00
ありす,alice03030,1,1,2016-04-28T09:00:00
Willcow2,Willcow2_,3,1,2016-04-28T09:00:00
คิมมิกบิน,m97ky,1,158,2016-04-28T09:00:00
완엔,APPLE_ARIS,21,424,2016-04-28T09:00:00
"سوري #مضايا",shaml01,2,92,2016-04-28T09:00:00
IKWFAN070,IKWFAN070,1,180,2016-04-28T09:00:00
EP | Panamá,EP_Panama_,3,20894,2016-04-28T09:00:00
chloe af,chl0gang,1,1342,2016-04-28T09:00:00
鳥になりたい。,eos7dmalk2,1,4,2016-04-28T09:00:00
なかめ様,jinkame4517,1,744,2016-04-28T09:00:00
App Mall,AppmallCo,20,465,2016-04-28T09:00:00
Actueel ICT-nieuws,actueelitnieuws,2,2186,2016-04-28T09:00:00
Crizelle Catindig,Crizelleeey,1,171,2016-04-28T09:00:00
Nuexhu Toozqe,Nuexhu__Toozqe,16,21,2016-04-28T09:00:00
JoseCorea,JoseCorea_,24,3885,2016-04-28T09:00:00
浦野 一美,urano_cindy1023,1,28986,2016-04-28T09:00:00
Sumarium,sumariumcom,1,97409,2016-04-28T09:00:00
Viuxvi Yaojva,Viuxvi__Yaojva,73,160,2016-04-28T09:00:00
Cuirwo Niezvi,Cuirwo__Niezvi,12,462,2016-04-28T09:00:00
389の友人,waminine,1,1024,2016-04-28T09:00:00
Phone//Gadget Deals,UltraLogic_Ent,9,7100,2016-04-28T09:00:00
Shun_001,rainmoon_001,1,26,2016-04-28T09:00:00
志士丸,sisimaru1430024,1,29,2016-04-28T09:00:00
Audiobook Deal Alert,audiobooks_usa,1,412,2016-04-28T09:00:00
一輝,kazuki_nknm,1,927,2016-04-28T09:00:00
temmy,orentekola1,1,23,2016-04-28T09:00:00
An Shih ♔,an81,1,358,2016-04-28T09:00:00
☆mãńøş☆,Manos_Mar15,1,570,2016-04-28T09:00:00
itura,itunran,44,557,2016-04-28T09:00:00
ITHouse Solutions,ITHouseUK,2,268,2016-04-28T09:00:00
StormDriver Apple,SDRapple,2,4407,2016-04-28T09:00:00
あべるな,bequn73,1,274,2016-04-28T09:00:00
ヴェル,poipoi77filia,1,302,2016-04-28T09:00:00
Londoner,Londoner2009,1,129,2016-04-28T09:00:00
Shaniacs,cheggitycheck,1,72,2016-04-28T09:00:00
A.Vallejo Arquitecto,AVAArquitecto,1,1710,2016-04-28T09:00:00
Jo C,jojoburkey,1,186,2016-04-28T09:00:00
White Lion,whitelion112,1,5246,2016-04-28T09:00:00
The Daily Apple Beat,thedabtk,16,196,2016-04-28T09:00:00
` ペンギン 。,ppenquiino,1,278,2016-04-28T09:00:00
恵佑,jastinaustin,1,367,2016-04-28T09:00:00
abdALLAH Americano,HayAlaAlFalah,5,311,2016-04-28T09:00:00
きむ,kimukimushin,1,207,2016-04-28T09:00:00
ringosuki,ringosuki1,8,112,2016-04-28T09:00:00
Classic History,classichistorys,1,147,2016-04-28T09:00:00
HeyJordan,HappyHero20,1,256,2016-04-28T09:00:00
Tech Bytes,DailyTechbytes,1,11934,2016-04-28T09:00:00
Ziopre Daovgu,Ziopre__Daovgu,40,110,2016-04-28T09:00:00
Judy Fisher,recolenchand191,3,31,2016-04-28T09:00:00
Naufal rizkiansyah,Naufalrizkians1,1,413,2016-04-28T09:00:00
JazzRepublicRadio.eu,JazzRepRadio,2,491,2016-04-28T09:00:00
Partick Thistle App,PTFCApp,7,3133,2016-04-28T09:00:00
JOHN JARREM PASOL,1DearJohnHH,1,608,2016-04-28T09:00:00
a.L,Arissal_Lasoma,1,288,2016-04-28T09:00:00
,Simplifications,3,228,2016-04-28T09:00:00
CocoSucredesiles,CSucredesiles,1,58,2016-04-28T09:00:00
Natasha McLean,tashmclean,1,167,2016-04-28T09:00:00
Ryan Davis,ryan_swadesi,10,433,2016-04-28T09:00:00
陳拳王,overfallx,1,8,2016-04-28T09:00:00
iRepair,iRepairGreece,1,197,2016-04-28T09:00:00
butch smith,magicbeagle,1,4592,2016-04-28T09:00:00
Duejwu Zoogqi,Duejwu__Zoogqi,98,90,2016-04-28T09:00:00
DTN Germany,DTNGermany,2,2521,2016-04-28T09:00:00
ちびドラ@例大祭K10a,Chibi_dora_,1,2741,2016-04-28T09:00:00
yoav naim,bayern75020,1,60,2016-04-28T09:00:00
kuroa(੭ु´͈ ᐜ `͈)੭ु⁾⁾,2112kuroa,2,527,2016-04-28T09:00:00
Mikey Wax,MikeyWax,25,179109,2016-04-28T09:00:00
Sweet Fabreze,SweetFabreze,1,1,2016-04-28T09:00:00
DjoeWaRhie,DjoeWaRhiie,1,2269,2016-04-28T09:00:00
silver0100,silver0100,2,79,2016-04-28T09:00:00
kulinersolo,kuliner_SKA,3,1653,2016-04-28T09:00:00
ぽーあんどあろー,kamayausu0117,1,139,2016-04-28T09:00:00
MarketManSees,MarketManSees,4,289,2016-04-28T09:00:00
"#وطنجي سعود",reremo_1,1,221,2016-04-28T09:00:00
yamamoto nana,right7308,1,2,2016-04-28T09:00:00
kekomomotaro,hgsnkg,2,,2016-04-28T09:00:00
용 현린❄,5everViC,1,333,2016-04-28T09:00:00
MegaObzor.com,MegaObzor,1,3349,2016-04-28T09:00:00
I Love Apple,i_love_apple_,8,364,2016-04-28T09:00:00
Gadgetifo,gadgetifo,3,2153,2016-04-28T09:00:00
+ѕєвasтιaи+,SeebastianxD,1,351,2016-04-28T09:00:00
♫ Sherrene Roxanne ♫,Roxywells3,1,2962,2016-04-28T09:00:00
NewState,NewStateMusic,1,6147,2016-04-28T09:00:00
akeel,_akeelyears,1,519,2016-04-28T09:00:00
Han,hannahsedgwick_,1,422,2016-04-28T09:00:00
Kevin FitzMaurice,k_fitzmaurice,1,156,2016-04-28T09:00:00
Yusuke Arakawa,Arachansan,1,127,2016-04-28T09:00:00
Officer Spock,officer_spock,4,1760,2016-04-28T09:00:00
Bejul Somaia,bsomaia,1,2788,2016-04-28T09:00:00
Paul Jamie Kidd,kidd81,5,2545,2016-04-28T09:00:00
ゆーたん＠海未ちゃん(ﾉ)´∀｀(ヾ),yakoyako39,1,27,2016-04-28T09:00:00
兵頭 祐哉,diguda1003,1,234,2016-04-28T09:00:00
IMQUEEN DE LEON,AivyOh,1,169,2016-04-28T09:00:00
渡辺,Waco0914,2,535,2016-04-28T09:00:00
Taejhe Beadfi,Taejhe__Beadfi,51,134,2016-04-28T09:00:00
Ãhméd Êl Dëgwý,l_most2bll,1,56,2016-04-28T09:00:00
Particle Marketing,ParticleMarketg,1,3334,2016-04-28T09:00:00
Aurélie Audra,Audra06600,1,150,2016-04-28T09:00:00
The Sole Supplier,thesolesupplier,1,47624,2016-04-28T09:00:00
Татьяна Игнатович,ignatovichtany1,1,10,2016-04-28T09:00:00
`ท้ อ ง ฟ้ า ☁,FahFah_Thasinee,1,15,2016-04-28T09:00:00
령,ryeongbb,1,8365,2016-04-28T09:00:00
Shary(팥공주),barnutsland,1,691,2016-04-28T09:00:00
Mike Haas,bigmikeh1965,1,361,2016-04-28T09:00:00
Guy Kawasaki,KawasakiFans,1,2429,2016-04-28T09:00:00
Louzfa Huezsu,Louzfa__Huezsu,38,187,2016-04-28T09:00:00
بدرالطريقي أبوالوليد,bdr055,1,12907,2016-04-28T09:00:00
だーかわは日比谷行く,bbb_apple_tea,6,313,2016-04-28T09:00:00
ぶーくん,mika00089,9,,2016-04-28T09:00:00
FANS LYLA BAND,Lylaku_ID_,1,534,2016-04-28T09:00:00
`pppuchy。,p_puchy,1,128,2016-04-28T09:00:00
わんど〜,wand07,2,753,2016-04-28T09:00:00
April Fritzinger,aprilfritzinger,1,491,2016-04-28T09:00:00
Rod Lamberts,rodl,1,1686,2016-04-28T09:00:00
スロウ・アップルbot,slow_apple_bot,12,18,2016-04-28T09:00:00
Crazybird,Madambbin,1,28,2016-04-28T09:00:00
فهدعبدالرحمن المرحوم,FAHO0ODY9,1,304,2016-04-28T09:00:00
Tyrese Henry,Tyresehenry_,1,15,2016-04-28T09:00:00
linda maulida,lind4_maulid4,1,190,2016-04-28T09:00:00
鈴木 将真 (ゲーム垢）,Ball44S,1,115,2016-04-28T09:00:00
عبدالرحمن,ahmed19483,1,4,2016-04-28T09:00:00
2005zena,2005zena,1,56,2016-04-28T09:00:00
rubenogeel40,rubenogeel1986,1,161,2016-04-28T09:00:00
Ben,BDestrebecq,1,742,2016-04-28T09:00:00
Peta,24hoursintoday_,1,26,2016-04-28T09:00:00
はると,haruto1590,1,309,2016-04-28T09:00:00
眞季,05p_4,1,6,2016-04-28T09:00:00
★★★★★ Best App A Day,bestappaday,4,119,2016-04-28T09:00:00
Wild Hits,wildnowplaying,24,114,2016-04-28T09:00:00
olivier legras,olivierlegras,1,61,2016-04-28T09:00:00
TechBulletin,TechBulletin,2,680,2016-04-28T09:00:00
อั้มคีย์อิสเรียล™,Aumbrella99,1,412,2016-04-28T09:00:00
TerreRosse,TerreRosse21,1,80,2016-04-28T09:00:00
ReRe,Reluv02,1,406,2016-04-28T09:00:00
iBlog News,iBlog_News,4,322,2016-04-28T09:00:00
Брильков Денис,salon_apple,71,1488,2016-04-28T09:00:00
Leo Dunson,leodunson,1,46410,2016-04-28T09:00:00
Gayle,CleverGayle,1,7203,2016-04-28T09:00:00
Mikael Pawlo,mpawlo,2,4138,2016-04-28T09:00:00
Seymour Colbert,ColbertSgt,1,55,2016-04-28T09:00:00
Cell Phone Deals,CellularDealsV,121,408,2016-04-28T09:00:00
Tweet Meldingen,Message_11,3,835,2016-04-28T09:00:00
舞姫@穂乃果@μ'sic forever,HirokiBonta,1,1566,2016-04-28T09:00:00
เบ๊น,benzxbrnz,1,284,2016-04-28T09:00:00
あり王子(・д・),7otHd,1,668,2016-04-28T09:00:00
Vicky Bloor,vicky_bloor,3,10,2016-04-28T09:00:00
白田将悟,bluffguitarist,1,1126,2016-04-28T09:00:00
The Independent,Independent,2,1903333,2016-04-28T09:00:00
まっしろろんわーるど,shilolon,1,727,2016-04-28T09:00:00
Leo,LeoLeom2000,1,108,2016-04-28T09:00:00
Chyanna Monroe,interacialnaked,1,77,2016-04-28T09:00:00
土御門くぅまん(notぬぅまん),happy_ice,1,604,2016-04-28T09:00:00
Jonathan Henley,JayRHenley,1,1598,2016-04-28T09:00:00
本多尚樹,masutkr,1,909,2016-04-28T09:00:00
Lana,cyber_octopus,1,197,2016-04-28T09:00:00
Sheffcom IT,Sheffcom_IT,1,825,2016-04-28T09:00:00
Najeeb Nayazi,najeebnayazi,1,58,2016-04-28T09:00:00
Buzz Appli,Buzz_appli,4,431,2016-04-28T09:00:00
Albert Camus,albertcamusp,1,467,2016-04-28T09:00:00
Papeete Beach,PapeeteBeach,1,5626,2016-04-28T09:00:00
スライド四字熟語,4jijukugo4,9,12,2016-04-28T09:00:00
miyamiya♪,miya4j7a4tmya28,1,110,2016-04-28T09:00:00
Brijesh Bharadwaj,bbharadwaj,1,687,2016-04-28T09:00:00
hafiezah.rahmat,HafiezahR,1,21,2016-04-28T09:00:00
عالم الايفون,harte95,14,4942,2016-04-28T09:00:00
Emiliano Rubio,EmilianoRubio3,1,23,2016-04-28T09:00:00
Tiago neves,TEA_Tiago,1,9,2016-04-28T09:00:00
NewcastleFalcons App,FalconsFanApp,4,6592,2016-04-28T09:00:00
Soluciones MAC & PC,CompuVenezuela,4,799,2016-04-28T09:00:00
omar abaza,omarabaza93,1,128,2016-04-28T09:00:00
dayana.xx,kwondara88,1,263,2016-04-28T09:00:00
洋楽ヒットソングJUKEBOX,PopHitSong,32,2881,2016-04-28T09:00:00
krip,kript0nium,1,48,2016-04-28T09:00:00
Janet Krahenbuhl,JanetKrahenbuhl,1,63,2016-04-28T09:00:00
The Futurist,thenewfuturist,1,20,2016-04-28T09:00:00
あぷるん,apple_6227,3,82,2016-04-28T09:00:00
revelation,72Goodbig,1,,2016-04-28T09:00:00
Power Consulting,powercnslting,1,178,2016-04-28T09:00:00
Lisa pertiwi hamzah,lisalebe,1,238,2016-04-28T09:00:00
Appy,AppyOfficial,1,11080,2016-04-28T09:00:00
ツカサ”,tsukasa1666,1,74,2016-04-28T09:00:00
MIUI News,MiuiBlog,1,233,2016-04-28T09:00:00
ほっしー,com_0718,1,1170,2016-04-28T09:00:00
i saw YEARS&YEARS,immdreamer,1,7044,2016-04-28T09:00:00
にーな@EARTH,Niina05181,4,1108,2016-04-28T09:00:00
松瑠ฅᶘᵒᴥᵒᶅฅ,Matsuruuu,1,162,2016-04-28T09:00:00
田畑光教,Jb0x5oEYnUzP74C,1,93,2016-04-28T09:00:00
NUT KOME,nutkome,1,80,2016-04-28T09:00:00
ซวของพี่แช♡,zilchsavee,1,617,2016-04-28T09:00:00
คุณเอิร์ท.,Bhumisahatsawat,1,93,2016-04-28T09:00:00
✌Anna✌,Anna_Carly197,3,920,2016-04-28T09:00:00
buy superb deals,DealsSuperb,2,23,2016-04-28T09:00:00
*k∧Tøh.,katohxxx,1,410,2016-04-28T09:00:00
岡野郁矢,fumiya0602_a,1,464,2016-04-28T09:00:00
Oviedo heaslip,Raquelog03,1,109,2016-04-28T09:00:00
Kloves2ne1,kloves2ne1,1,49,2016-04-28T09:00:00
WazziPhone,WazziPhone,5,413,2016-04-28T09:00:00
Gaby López,GabyLP_88,1,292,2016-04-28T09:00:00
domi,domi994,3,573,2016-04-28T09:00:00
Cameron Thornton,cammo_t,2,188,2016-04-28T09:00:00
Warriors4Life,53076js,7,2622,2016-04-28T09:00:00
MARIA♕,emenueve_,1,504,2016-04-28T09:00:00
(0)247,KingDevsz,1,486,2016-04-28T09:00:00
Hao Chen,chenhao1991430,1,1,2016-04-28T09:00:00
iPhone 7 ,AppleBTG,11,3675,2016-04-28T09:00:00
ももやま,momoyama___,1,195,2016-04-28T09:00:00
Apple Watch 101,AppleWatch101,4,348,2016-04-28T09:00:00
Mike Williams,Froggle3,1,2,2016-04-28T09:00:00
nina,ncwsun,1,155,2016-04-28T09:00:00
律,xxxwt_apple,1,,2016-04-28T09:00:00
Francisco Lopez,franciscoylopez,1,2264,2016-04-28T09:00:00
おじモン,BYxmdrxNqKXfcNw,1,,2016-04-28T09:00:00
Al,ayyiiixx,1,205,2016-04-28T09:00:00
roberthansonika,roberthansonika,1,366,2016-04-28T09:00:00
Septian Laksani,sp_crew48,2,196,2016-04-28T09:00:00
あおっぷ,a_top_7,1,175,2016-04-28T09:00:00
猫和代,NekoKazuyo,1,,2016-04-28T09:00:00
한나 /F : 국주시라요,4462_apple,4,116,2016-04-28T09:00:00
- อาลาตสึ .,cchaninath,1,227,2016-04-28T09:00:00
get fine items,get_fine,14,21,2016-04-28T09:00:00
Allan Johnston,allanjfoto,2,1821,2016-04-28T09:00:00
花井 俊介,ajgtwjmwukxtgkw,1,,2016-04-28T09:00:00
野瀬芳樹,yoshiki458,1,342,2016-04-28T09:00:00
プラス+@速度制限,plus_sn,1,526,2016-04-28T09:00:00
きしゃ,Kumako_Island,1,5,2016-04-28T09:00:00
피.JM♡,yepporr,1,291,2016-04-28T09:00:00
S Pipalia,s_pipalia,1,12,2016-04-28T09:00:00
jjin,yujjin1207,1,6,2016-04-28T09:00:00
Iphone 6 s España,IPHONE6ESPebay,4,26,2016-04-28T09:00:00
ไง,MYryderz,1,2091,2016-04-28T09:00:00
Tricia,trashforoppars,1,569,2016-04-28T09:00:00
片山公太朗,qMnmH9BffjNRWHC,1,28,2016-04-28T09:00:00
nina,ninabarcelos,1,236,2016-04-28T09:00:00
PropTechBot,PropTechBot,1,83,2016-04-28T09:00:00
Link Magazine,OfficialLinkMag,1,1271,2016-04-28T09:00:00
ivy,iamnumberfooour,1,726,2016-04-28T09:00:00
Samar Haddad,blackirse,1,79,2016-04-28T09:00:00
Team Albert,AlbertMylesAM,2,1957,2016-04-28T09:00:00
bid pompous deal,PompousDeal,6,30,2016-04-28T09:00:00
Musicbet,gomusicbet,8,5052,2016-04-28T09:00:00
carlos2316,carlos2316,1,9532,2016-04-28T09:00:00
ヒヅキ,apple_kumo_iron,1,27,2016-04-28T09:00:00
Patricio,Patty09ify,1,32,2016-04-28T09:00:00
MΔLIK MΔTTU,MalikMattu,1,971,2016-04-28T09:00:00
☻,jvndoe_,2,298,2016-04-28T09:00:00
Fahad M Rafiq,fahadmrafiq,1,507,2016-04-28T09:00:00
༄Mariam Alabdallah༄,baa7aar2020,2,261,2016-04-28T09:00:00
Sachin Bhatia,bhatiasachin,8,751,2016-04-28T09:00:00
Initi8 Recruitment,Initi8Recruit,1,76,2016-04-28T09:00:00
わた九州がんばって！@GRCReW,greeeenste,1,961,2016-04-28T09:00:00
Dolli,FuckingDolli,1,36,2016-04-28T09:00:00
Be_Haya_,Be_Haya_,1,11,2016-04-28T09:00:00
Huorwe Yietqe,Huorwe__Yietqe,23,85,2016-04-28T09:00:00
iPhone News,iPhonenew3,26,874,2016-04-28T09:00:00
Afaa,Aggh52,1,581,2016-04-28T09:00:00
東本純,AaJyun,1,40,2016-04-28T09:00:00
Jais George,jais_george,5,437,2016-04-28T09:00:00
ひなོた @‍わやすちゃん⑨,hinata_aoinko,1,750,2016-04-28T09:00:00
KPOP FRIENDS,KPOP_FRIENDS,1,193,2016-04-28T09:00:00
CABARET HOTLINE,cabarethotline,1,1463,2016-04-28T09:00:00
yasunag,01800103,1,,2016-04-28T09:00:00
solty@バハ鯖,solty_litchee,1,25,2016-04-28T09:00:00
へいっお待ち‼︎,kaitopapa2,1,10,2016-04-28T09:00:00
London Mac Repairs,londonmacrepair,3,152,2016-04-28T09:00:00
UplyApps,UltiskyApps,2,1218,2016-04-28T09:00:00
Judith....,Taylordallasm,3,443,2016-04-28T09:00:00
UkrTime,UkrtimeNet,1,85,2016-04-28T09:00:00
ちゃん@今が最高！,MCZTBH008,1,262,2016-04-28T09:00:00
4-traders DE,4tradersDE,5,139,2016-04-28T09:00:00
N,Inu218888,1,104,2016-04-28T09:00:00
Yarimar,Yarima_PR,49,2864,2016-04-28T09:00:00
Bailey Austin,aileyaus,1,77,2016-04-28T09:00:00
名探偵kamilia,DetectiveKamila,1,120,2016-04-28T09:00:00
Iphoniemos ,Iphoniemos,6,1751,2016-04-28T09:00:00
奈々美,apple_O218,1,168,2016-04-28T09:00:00
Ninja Trail,NinjaTrail,2,6659,2016-04-28T09:00:00
DigitalArena.co,digitalarenaco,1,12501,2016-04-28T09:00:00
แม่มดน้อยนูนู ☁,dearmyjinu,1,322,2016-04-28T09:00:00
ituab,ituab,34,154,2016-04-28T09:00:00
Karin Bejstrup,BejstrupKarin,1,1,2016-04-28T09:00:00
モンストガチャ研究所,monnsutogatya,23,98298,2016-04-28T09:00:00
ヒロＰ@ミリオン4th,hiro_WRXsti,1,133,2016-04-28T09:00:00
ยองอุนฟรุ้งฟริ้ง.,yyoungnutz,1,425,2016-04-28T09:00:00
YENTOWN,YENTOWNTOKYO,1,2841,2016-04-28T09:00:00
Selfina.,pinolaf_,1,48,2016-04-28T09:00:00
Veteknoloji,veteknoloji,2,1608,2016-04-28T09:00:00
뱀이빈이,Bambam_binny,1,29,2016-04-28T09:00:00
Apple News,headlinesapple,22,1888,2016-04-28T09:00:00
Frederick Pig Esq,FrederickPigEsq,2,3850,2016-04-28T09:00:00
Anna Marie Schulte,Supervengers03,1,47,2016-04-28T09:00:00
R.K,kurionechocola1,1,189,2016-04-28T09:00:00
auショップ大須,aushop_osu,2,716,2016-04-28T09:00:00
RIO,P_mR__apple,9,332,2016-04-28T09:00:00
オントップ,tenderand,1,108,2016-04-28T09:00:00
Boerco Loovze,Boerco__Loovze,53,145,2016-04-28T09:00:00
mackvincenten,mackvincenten1,1,450,2016-04-28T09:00:00
Grupo GDA,tuaulamac,3,170,2016-04-28T09:00:00
IPHONE DEALS,sh_fzs_123,67,84,2016-04-28T09:00:00
despina,dexterity1982,1,17,2016-04-28T09:00:00
Crafterei,crafterei,4,479,2016-04-28T09:00:00
Ebrahim Orrie,Ebi_tha_Genius,1,57,2016-04-28T09:00:00
Eli Reina,elimia3x,1,345,2016-04-28T09:00:00
twatonyp,twatonyp,1,39125,2016-04-28T09:00:00
찌니,genie_HQ,15,145,2016-04-28T09:00:00
Australian Media,Aust_Media,1,1,2016-04-28T09:00:00
Iman Suherman,sapi_biru_lucu,1,488,2016-04-28T09:00:00
Marichelle Lister,apple_lister,2,122,2016-04-28T09:00:00
Runnymede Fellowship,RCFRunnymede,1,37,2016-04-28T09:00:00
ういろう,jntestsftj,4,5,2016-04-28T09:00:00
Prasetyo Kasdono,SETYO_OFFICIAL,1,866,2016-04-28T09:00:00
tatakLQhk_Ana,abella15aa,1,1240,2016-04-28T09:00:00
wtc ♂,WillordCapulong,1,640,2016-04-28T09:00:00
Spencer Li,SpennyLi,1,43,2016-04-28T09:00:00
rj jimenez,twistedrjmnz,1,456,2016-04-28T09:00:00
たしぶ,taaashibu,1,175,2016-04-28T09:00:00
FastCoNews,FastCoNews,2,878,2016-04-28T09:00:00
∞,perfectariii,3,481,2016-04-28T09:00:00
Kodnoii,Kod_noii,1,154,2016-04-28T09:00:00
あっぷるぱい@やや低浮上,apple_pie96,18,342,2016-04-28T09:00:00
Marcela,mahcbrito,1,599,2016-04-28T09:00:00
Wonderland.,littlejorge18,1,986,2016-04-28T09:00:00
Jonathan Red,Joe_thanRed,1,32,2016-04-28T09:00:00
Mara,Mara1937,1,2710,2016-04-28T09:00:00
DigitalTechBuz,DigitalTechbuz,1,705,2016-04-28T09:00:00
Simran Jumrani,simranjumrani,1,1,2016-04-28T09:00:00
Brian Saxon ,iBrianKSaxon,19,17,2016-04-28T09:00:00
bid excellent item,ItemExcellent,5,12,2016-04-28T09:00:00
Mary,uknewse,6,29913,2016-04-28T09:00:00
特型III型駆逐艦四番艦 電,muta98perry,1,2,2016-04-28T09:00:00
さおりぃぬ,15661026,1,122,2016-04-28T09:00:00
Café Romántico Radio,caferomantico,27,414,2016-04-28T09:00:00
beljoe,ohitsoByla,1,820,2016-04-28T09:00:00
Anna,Annatafli,1,42,2016-04-28T09:00:00
Pause,MSmolia,1,101,2016-04-28T09:00:00
กระเบล .,bchi97,1,694,2016-04-28T09:00:00
Ismi Hadi S.T.R,JongKey94,1,645,2016-04-28T09:00:00
きか@BOOTH再開しました,apple_SM2,5,739,2016-04-28T09:00:00
✩‧*˚ℬⁱℬⁱ * ੈ✩‧₊˚,apple_bebebe,3,27,2016-04-28T09:00:00
Tiusxi Luukgo,Tiusxi__Luukgo,101,94,2016-04-28T09:00:00
Some RSS Feeds,SomeFeeds,1,61,2016-04-28T09:00:00
破碎の幻想,ALNGDSB,1,2,2016-04-28T09:00:00
Morton FC Fan App,MortonFCFanApp,5,985,2016-04-28T09:00:00
Digitaler Zahnarzt,DrJochenDeppe,1,67,2016-04-28T09:00:00
Glenn A. Manlangit,GlennManlangit,2,1114,2016-04-28T09:00:00
ゆえ ✩⃛ೄ ツイフィ必読,uk_y_apple,22,100,2016-04-28T09:00:00
Katharine Nohr,TriathlonNovels,1,18052,2016-04-28T09:00:00
Bastrik Dorian Gray,BastrikDorianGr,1,115719,2016-04-28T09:00:00
Babi,ollgplzz,1,16,2016-04-28T09:00:00
呉⚛,gullevek,1,681,2016-04-28T09:00:00
Kunal M Bafna,kunal_mb,6,46,2016-04-28T09:00:00
MaiMai,Yaimai_Papi,1,85,2016-04-28T09:00:00
►► Martina ►►,Hopie1911,1,132,2016-04-28T09:00:00
林宸萱,YIFGFV,2,4,2016-04-28T09:00:00
Tibisay Romero,tibisayromero,1,5412,2016-04-28T09:00:00
Ricky Jinks,RickyJinks,1,1536,2016-04-28T09:00:00
Get Online Degree,getonlinedegrus,1,,2016-04-28T09:00:00
*Sana*,rainman52,2,22,2016-04-28T09:00:00
ضُوى,SHSH31917425,1,149,2016-04-28T09:00:00
Iphone6,applestore_news,5,618,2016-04-28T09:00:00
@ComeDeens,ComeDeens,21,332,2016-04-28T09:00:00
Hands On Time,HandsOnTimeMag,1,27,2016-04-28T09:00:00
bid lovely offer,lovely_bid,1,24,2016-04-28T09:00:00
Carlota Calvo,carlotacalvoc,1,161,2016-04-28T09:00:00
Prepička® ♛,AngelaBbNs,1,2189,2016-04-28T09:00:00
nikki mcknight,706nix,1,7267,2016-04-28T09:00:00
イチマンピース,ichimanpiece,1,556,2016-04-28T09:00:00
Debs,captaincarrot72,1,9,2016-04-28T09:00:00
Priyanka,Priyanka_Ji,6,82,2016-04-28T09:00:00
"°ทั้นจุน°#ติดการ์ตูน",Titanjun97,1,127,2016-04-28T09:00:00
ENID,tewiit,1,131,2016-04-28T09:00:00
The Palm Beach Post,pbpost,2,94297,2016-04-28T09:00:00
Beth Rayburn,bethray_20,1,141,2016-04-28T09:00:00
endahwahyu,ndahevheatre,1,364,2016-04-28T09:00:00
hana,katsuhiko871,2,1,2016-04-28T09:00:00
RockersOSAKA,RockersOSAKA,1,15275,2016-04-28T09:00:00
لا اله الا الله,apple_red1212,6,3,2016-04-28T09:00:00
Sascha,iTechniklife,2,490,2016-04-28T09:00:00
Yodo1Games,Yodo1Games,2,2374,2016-04-28T09:00:00
bry,Bibi_Nac,1,1836,2016-04-28T09:00:00
ㅤㅤㅤㅤㅤjhai,evlmaknaehun,1,467,2016-04-28T09:00:00
Belinda,bellasin1,1,313,2016-04-28T09:00:00
Jeicvo Tiomya,Jeicvo__Tiomya,55,111,2016-04-28T09:00:00
Concerts in Sydney,GigsInSydney,1,88,2016-04-28T09:00:00
Chrillo,Chrillo,2,184,2016-04-28T09:00:00
luiza,smoaknmirrors,1,1617,2016-04-28T09:00:00
あみるでぃ,amiruamiru00201,1,79,2016-04-28T09:00:00
tulio gómez,tulio1987,4,1436,2016-04-28T09:00:00
Charly1101,xarlas13,1,369,2016-04-28T09:00:00
ヤシア,yasia_1,2,350,2016-04-28T09:00:00
シャル,SYARNORKE01,1,,2016-04-28T09:00:00
Fulham FC Fan App,FulhamFanApp,3,8160,2016-04-28T09:00:00
최윤영,010_6984,3,,2016-04-28T09:00:00
Praew Promsungwong,PraewJP,2,145,2016-04-28T09:00:00
山口 りく,yamariku0922,1,213,2016-04-28T09:00:00
かずみ@ダイエット,1234Kazumi,1,247,2016-04-28T09:00:00
Azriansyah Azwar,azriansyahazwar,1,290,2016-04-28T09:00:00
ボーダー,yokosen_apple,3,160,2016-04-28T09:00:00
12時過ぎのシンデレラ,KtDUCyaLpbMQjok,1,1,2016-04-28T09:00:00
Maja,queenmajaalpaca,1,5,2016-04-28T09:00:00
FOX & Friends,foxandfriends,1,546778,2016-04-28T09:00:00
Destian Pratama,draap8,3,2913,2016-04-28T09:00:00
Ordër FoIIowërs,DearsAndrew,2,,2016-04-28T09:00:00
あゆめろ,moepigokd,1,18,2016-04-28T09:00:00
Google Sniper,GoogleSniper4A,1,1165,2016-04-28T09:00:00
USA DEALS,Rana_f34d,7,148,2016-04-28T09:00:00
محمد,RZAX1VsHL949o9k,1,18,2016-04-28T09:00:00
Tekno Digie,TeknoDigie,8,176,2016-04-28T09:00:00
문분홍,apple_8250,43,42,2016-04-28T09:00:00
SHANE// BUY DW+NBH♡,DangerousOnikaa,2,1225,2016-04-28T09:00:00
SalfordRedDevils App,SalfordDevilApp,4,4220,2016-04-28T09:00:00
"я сэм, мне похуй",sammy_pohuy,1,55,2016-04-28T09:00:00
Tonderla,Tonderla,2,496,2016-04-28T09:00:00
Zero㌠,ZeroCrossroad,1,827,2016-04-28T09:00:00
かなえまる。@幕張5.14.15,BB_GD_8872,1,2660,2016-04-28T09:00:00
シルクハット,silkhat0919,1,48,2016-04-28T09:00:00
gum (official),gxm_stw,1,365,2016-04-28T09:00:00
Ju,junia26,1,280,2016-04-28T09:00:00
buy posh offers,OffersPosh,16,14,2016-04-28T09:00:00
╰      จียงงี่  ®,Namfahvip_x,1,480,2016-04-28T09:00:00
読めないと恥ずかしい漢字,Kanji_Training,3,2974,2016-04-28T09:00:00
夜空☪︎,yukineeen39,2,135,2016-04-28T09:00:00
Mac's Armagh Cider,macscider,1,210,2016-04-28T09:00:00
Peterborough Fan App,PeterboroughApp,2,4203,2016-04-28T09:00:00
Briana Rohan,brianarohan28,3,4,2016-04-28T09:00:00
GardnerDenise,GardnerDenise2,1,165,2016-04-28T09:00:00
hayzy,hayzyhayze,1,3965,2016-04-28T09:00:00
Ebay Mobile,EMobileMY,2,228,2016-04-28T09:00:00
htm,apple_soda_,14,106,2016-04-28T09:00:00
Carlosorno,CARLOSVBAA,1,103,2016-04-28T09:00:00
⌛️B,bewkt,1,114,2016-04-28T09:00:00
ej,Ignaciiiioooo,6,198,2016-04-28T09:00:00
Andrea❤,koreanghetto,1,16935,2016-04-28T09:00:00
MacThai.Com,macthainews,1,41671,2016-04-28T09:00:00
Acerap,m_ashraf99,1,525,2016-04-28T09:00:00
Fizzy,iWant_Gaga,1,3453,2016-04-28T09:00:00
Ｕ斗くん@Aqcess,Love_Liver_u10,1,2637,2016-04-28T09:00:00
Carlos Fernandez,carlosfp,1,858,2016-04-28T09:00:00
iMagazine™,imagazinemag,22,1810,2016-04-28T09:00:00
SEECアプリ開発課,SeecInc,1,264,2016-04-28T09:00:00
なちなち,natsuko7010,1,485,2016-04-28T09:00:00
Apple Rep KMCC,Apple_Rep_KMCC,2,367,2016-04-28T09:00:00
Nikhil Makwana,nikhil_makwana1,4,4095,2016-04-28T09:00:00
無気力なあめーば,Golden___Apple,17,191,2016-04-28T09:00:00
怜於,reiosugawaea1,1,3,2016-04-28T09:00:00
get fine deals,GetfinedealsGet,9,31,2016-04-28T09:00:00
Jip's 熊姉,onlyyoujin,1,11778,2016-04-28T09:00:00
Computer Buying Mall,ComputerBuying,44,306,2016-04-28T09:00:00
わかずきんちゃんは2-4a,wakachan_apple,3,52,2016-04-28T09:00:00
Willian Leite,willianleite,1,518,2016-04-28T09:00:00
よっし,pochimi9696,1,140,2016-04-28T09:00:00
mustaf,mustafibr4,1,5,2016-04-28T09:00:00
Cristina Frank,CristinaWMTW,1,1809,2016-04-28T09:00:00
นาตาลีที่แท้จริง,_gyupin,1,1060,2016-04-28T09:00:00
その❤@RXー0,0ug326022372025,5,1518,2016-04-28T09:00:00
nineteen groupe,Nineteengroupe,1,184,2016-04-28T09:00:00
Neil Garrett,Neil_omgtv,1,139,2016-04-28T09:00:00
やました,apple_saxophone,5,70,2016-04-28T09:00:00
Mr R Sole,Craigo71,1,4254,2016-04-28T09:00:00
Victoria Castro ఠ,EVictoriaCastro,2,279,2016-04-28T09:00:00
Plymouth Fan App,PlymouthFanApp,4,5646,2016-04-28T09:00:00
リクトン,akmaronCRRV,1,2,2016-04-28T09:00:00
アイナ,ainajamil98,1,1292,2016-04-28T09:00:00
.,y_haeng,1,44,2016-04-28T09:00:00
Anarchy,Anarchy_KR,1,462,2016-04-28T09:00:00
Foiwlo Ciifve,Foiwlo__Ciifve,79,94,2016-04-28T09:00:00
nobuoshi,bushi225,1,25,2016-04-28T09:00:00
なかりん,inisland_apple,3,156,2016-04-28T09:00:00
Elaine A. Hyatt,Elaine_Hyatt,36,22,2016-04-28T09:00:00
Electric Gipsy Girl,shiratama009,1,920,2016-04-28T09:00:00
リュウジP@ありがとうTrident,silviadrift_765,1,434,2016-04-28T09:00:00
き む り ん→ペンミ29.30固定ツイ,gdyb881,1,260,2016-04-28T09:00:00
E-prosfores,E_prosfores,4,321490,2016-04-28T09:00:00
John Satisfy,jsatisfiction,2,4618,2016-04-28T09:00:00
Алексей А,SogA478,1,3,2016-04-28T09:00:00
His Royal Highness,fox771985,1,61,2016-04-28T09:00:00
Nilesh Kumar,nileshsirius,6,606,2016-04-28T09:00:00
Preston Fan App,PrestonFanApp,11,10142,2016-04-28T09:00:00
Şirin Şirine,SirinSirine,2,172720,2016-04-28T09:00:00
Geojjo Taaqba,Geojjo__Taaqba,65,227,2016-04-28T09:00:00
Izzy(´｡• ω •｡`)♡,ChanbinsDimples,1,152,2016-04-28T09:00:00
吴,zxttxr,1,667,2016-04-28T09:00:00
Musics Store,Jessie_Courser,43,3220,2016-04-28T09:00:00
Techislet,techislet,30,910,2016-04-28T09:00:00
Mafe.,smokwxed,1,1482,2016-04-28T09:00:00
Kam Service,kambam45,1,840,2016-04-28T09:00:00
Zelda Seve Link,zelda_seve,1,54,2016-04-28T09:00:00
yuka,_yuka_apple,3,54,2016-04-28T09:00:00
Justin Bieber,zhafiraputri_,3,744,2016-04-28T09:00:00
♡@43UB ♡,Apple_iOS4,25,402,2016-04-28T09:00:00
ゆうたろ★diet,yutaro17075,1,60,2016-04-28T09:00:00
Дмитрий Фирсов,gluk1234,1,72011,2016-04-28T09:00:00
特効さん,tokkou3,1,145,2016-04-28T09:00:00
ZedEarthnut,ZedEarthnut,1,9,2016-04-28T09:00:00
very exquisite offer,exquisite_offer,2,1,2016-04-28T09:00:00
News Syndicators,NewsSyndicators,1,469,2016-04-28T09:00:00
みたー。,tami__________,1,3,2016-04-28T09:00:00
✨TŌM✨,_Dumbest_,1,284,2016-04-28T09:00:00
Saša Vanek,Vanexasha,1,49,2016-04-28T09:00:00
"톡부들풀,,,,",O_ronaminC_,1,189,2016-04-28T09:00:00
Adrian Anandarajah,mystartupj,1,198,2016-04-28T09:00:00
itutpap,itutpap,41,267,2016-04-28T09:00:00
Mobile Phone Deals,mobilephonesusa,23,115,2016-04-28T09:00:00
Blogger Berau,BloggerBerau,1,772,2016-04-28T09:00:00
((な・x・の))＠根木こんぶ,xna_nox,1,420,2016-04-28T09:00:00
RubenGz,Ru7ens,1,196,2016-04-28T09:00:00
Heather,betamother,1,1479,2016-04-28T09:00:00
หอยจี้รี่กินแกลบ,hoygeereeeeeeee,1,507,2016-04-28T09:00:00
Iphone News,NewsIphone_,14,835,2016-04-28T09:00:00
Becci Busby,busby_becci,1,1,2016-04-28T09:00:00
highly grandiose rev,camarillonican4,24,108,2016-04-28T09:00:00
"#JS",i_Apple_News,4,300,2016-04-28T09:00:00
Six Figure Income,droadrage2,1,2895,2016-04-28T09:00:00
Carlos Loyola Luna,CarlosLoyolaL,1,157,2016-04-28T09:00:00
TecnoDigital,TecnoDigitalCR,2,650,2016-04-28T09:00:00
色鬼,apple_brigade,4,62,2016-04-28T09:00:00
ばなな,PavlackyDotty,1,5,2016-04-28T09:00:00
อาโปๆ,apple_phetin,1,10,2016-04-28T09:00:00
Intefree Tech & web,intefree_tech,1,21,2016-04-28T09:00:00
★ハチミツ★真菜,rinchantiwawa,1,31,2016-04-28T09:00:00
秋丸,akimaru1988,1,22,2016-04-28T09:00:00
기다려 Sea&Moon-440;+2,Hyuk_Sai,1,293,2016-04-28T09:00:00
AndreaTGOD☜,FaansWizKhalifa,1,1782,2016-04-28T09:00:00
김혜진,joyzgee1028,1,34,2016-04-28T09:00:00
ahmet,mutlukulahmet,1,84,2016-04-28T09:00:00
Swansea City Fan App,SwanseaApp,3,12611,2016-04-28T09:00:00
Danielle Rankin,danielleranki13,1,285,2016-04-28T09:00:00
Giova,giovatardu,1,216,2016-04-28T09:00:00
PatriciaKarvelas,PatsKarvelas,3,23642,2016-04-28T09:00:00
BetaNews.com,BetaNews,1,9409,2016-04-28T09:00:00
Milky !!^^,MilkyBaobei,1,443,2016-04-28T09:00:00
tokenranbu_tikeryu,tokenranbu_tike,1,5,2016-04-28T09:00:00
CHATH,chath0711,1,75,2016-04-28T09:00:00
shinya kanda,jztbsound,1,2,2016-04-28T09:00:00
S u m i k a♡*⇝R.Y,apple_miaka,3,1073,2016-04-28T09:00:00
iPhone 6 Singapore,iPhone6_Sg,11,200,2016-04-28T09:00:00
كريم,MindofKarim,3,6212,2016-04-28T09:00:00
三輪,miwa6008,1,1,2016-04-28T09:00:00
Gigi H,Gigibiz_Gg,1,3032,2016-04-28T09:00:00
davidolsonika,dmitriykftsd,1,347,2016-04-28T09:00:00
Businewss Bot,Businewss_Bot,5,10033,2016-04-28T09:00:00
นี่เกลสายเปย์เองค่ะ☃,begailx,1,79,2016-04-28T09:00:00
きゅうり夫人 O１部,exo05060331,1,381,2016-04-28T09:00:00
Neili,nle1983,9,585,2016-04-28T09:00:00
charity Rosenjack,charity2828,1,67,2016-04-28T09:00:00
ダイ,Dyc1mnR,2,11,2016-04-28T09:00:00
คิม,Beam_innocent,1,402,2016-04-28T09:00:00
Matthew ,MacGuruSupport,1,117,2016-04-28T09:00:00
Calum Hood,valerienocera1,1,449,2016-04-28T09:00:00
ResearchKit News,ResearchKitNews,3,70,2016-04-28T09:00:00
Oh Wonder Europe,OhWonderEU,1,18,2016-04-28T09:00:00
Olympics_Rio,OlympicRio016,5,613,2016-04-28T09:00:00
P A D A D A²,pdismyname,1,283,2016-04-28T09:00:00
Investing.com Stocks,InvestingStockz,2,919,2016-04-28T09:00:00
MarketingDirecto.com,MkDirecto,2,316354,2016-04-28T09:00:00
Fernn.jh,fernn8199,1,21,2016-04-28T09:00:00
Jeofto Qauhci,Jeofto__Qauhci,78,72,2016-04-28T09:00:00
Holger,HolliCheck,2,41,2016-04-28T09:00:00
hayley williams,hayleyw1,1,12842,2016-04-28T09:00:00
Man Suardi,ManSuardii,1,4114,2016-04-28T09:00:00
dremb3r,dremb3r,1,156,2016-04-28T09:00:00
あにき,soujyuushg,1,4,2016-04-28T09:00:00
Alles in Afrikaans♡,AllesAfrikaans,1,9328,2016-04-28T09:00:00
Ulrica Dann,DannUlrica,5,84,2016-04-28T09:00:00
« ♡ え り り ん ご»,Apple_apple0227,2,38,2016-04-28T09:00:00
Gaebxu Tiifca,Gaebxu__Tiifca,60,119,2016-04-28T09:00:00
247newsonline,247newsonline,1,613,2016-04-28T09:00:00
Bob,kempy11211121,4,1,2016-04-28T09:00:00
ナベ,apple_185cm,15,85,2016-04-28T09:00:00
SAVE∞CATS/九州地震支援中,savecats79,1,764,2016-04-28T09:00:00
+ Skye +,ontopofpanem,1,2503,2016-04-28T09:00:00
find nice auction,auction_nice,9,20,2016-04-28T09:00:00
有田康二,arisan1081,2,3,2016-04-28T09:00:00
WBS Mgt Accounts,WindrushBS,1,425,2016-04-28T09:00:00
Mac Prices Australia,macpricesaus,1,716,2016-04-28T09:00:00
TheLabel,TheLabelteam,1,94,2016-04-28T09:00:00
•夜ト•,ukiyoongi,1,4749,2016-04-28T09:00:00
↯ Kim Possible.,Kii_mm,1,645,2016-04-28T09:00:00
ヒロトンティーニョス,hirotosekaowa51,1,157,2016-04-28T09:00:00
삼F,fenneeyyy,1,3558,2016-04-28T09:00:00
nikolasrlandziev3,nikolasarlandz6,1,148,2016-04-28T09:00:00
さと,K7bux2HYSXP1Qo7,5,7,2016-04-28T09:00:00
ूʚ̴̶̷̥¦¦momo¦¦̴̶੭ु,adorkableBTS,1,3592,2016-04-28T09:00:00
jason kingsley news,rebellinews24,1,1194,2016-04-28T09:00:00
I Web Guy,iwebguysolution,3,118,2016-04-28T09:00:00
旦那の名前はきむじょんうん,genki_tankoma,1,1273,2016-04-28T09:00:00
Cindy Ward,cinveronica,1,412,2016-04-28T09:00:00
"Selcamanปย๊ง#HereIAm",sup_ooomilkooo,1,548,2016-04-28T09:00:00
Nok acieh,NokAcieh,1,,2016-04-28T09:00:00
Jessica,Goldenoppas,1,380,2016-04-28T09:00:00
Cornish,CornishBiker,1,139,2016-04-28T09:00:00
はる坊ズ,zakky7313,1,111,2016-04-28T09:00:00
Susanne Lakin,CSLakin,1,52554,2016-04-28T09:00:00
テスト,downgamesen,1,,2016-04-28T09:00:00
Mita Simple,MitaSimple,1,60,2016-04-28T09:00:00
The Management,ADL_UK,21,1802,2016-04-28T09:00:00
Dewie Rohandi,AikouRohandi,1,5,2016-04-28T09:00:00
davide maggio,davidemaggio_,1,6,2016-04-28T09:00:00
LovelyShopBalikpapan,LovelyShopC,2,51,2016-04-28T09:00:00
คิมต๋า,peacha442,1,58,2016-04-28T09:00:00
Cuisine Advisor,cuisineadvisor,1,5503,2016-04-28T09:00:00
Kamal Renelle Lewisॐ,Covuitton,2,1897,2016-04-28T09:00:00
KALASH,kalash972,1,84943,2016-04-28T09:00:00
Jairmu Viehvo,Jairmu__Viehvo,15,13,2016-04-28T09:00:00
Nars Villa,VillaNars,1,44,2016-04-28T09:00:00
Somenath Sen,somenath_udemy,5,3649,2016-04-28T09:00:00
Kristy Hayes,Kristy_Hayes,1,13,2016-04-28T09:00:00
超会議行けなくなったあつと,pontaken,1,1405,2016-04-28T09:00:00
MC_of_law,MC_of_law,2,39,2016-04-28T09:00:00
BrobearBerbil,BrobearBerbil,1,6,2016-04-28T09:00:00
T.WEST-haru,TWESTharu1,1,2,2016-04-28T09:00:00
CHIP,CHIP_online,1,779818,2016-04-28T09:00:00
Dan Spicer,DanSpicer,1,18725,2016-04-28T09:00:00
Mihai Vlasiu,FrenchNorwich,1,4,2016-04-28T09:00:00
ferry setyanto,f3rryss,1,141,2016-04-28T09:00:00
carys gage,carysgage123,1,218,2016-04-28T09:00:00
iPhone Apps Lover,iPhoneAppsLover,2,1370,2016-04-28T09:00:00
xxx,gasuyama_geek,4,111,2016-04-28T09:00:00
Andra,AndraP15,1,135,2016-04-28T09:00:00
Ivor Davies,IvorTollah,1,359,2016-04-28T09:00:00
♠♥MissAprilFool♣♦,Sakura4191,1,364,2016-04-28T09:00:00
あ,CoPoi0erpBS7B1F,8,1,2016-04-28T09:00:00
탷탷,YGTH0213,1,171,2016-04-28T09:00:00
ちょく,chyku,1,2317,2016-04-28T09:00:00
ももすけ,___momochan__,1,50,2016-04-28T09:00:00
Hituva,hituva38,1,2,2016-04-28T09:00:00
"#BADR_ALSHAMMARI ®",Bshammari20,5,10720,2016-04-28T09:00:00
X4歌詞bot,X4_lyrics,5,269,2016-04-28T09:00:00
Isabella Baker,isabellabaker51,1,5907,2016-04-28T09:00:00
Joexca Jaurno,Joexca__Jaurno,53,55,2016-04-28T09:00:00
Möon ☆,Moon13blue,1,474,2016-04-28T09:00:00
meso,M7WsW3tPhzIG9Oi,1,,2016-04-28T09:00:00
descubridores.com,descubridoresc,2,323,2016-04-28T09:00:00
Anto,antoran5,1,221,2016-04-28T09:00:00
World Wide Deals,DealsWide,1,2446,2016-04-28T09:00:00
MLM Cigarz,mlmcigarz,1,394,2016-04-28T09:00:00
Freddie's Tweetathon,250thouin365,1,7652,2016-04-28T09:00:00
千葉裕登（ヒロト）,89Hi6to,2,522,2016-04-28T09:00:00
The Last Hurrah Film,LastHurrahFilm,4,7075,2016-04-28T09:00:00
S,BriffodSolyane,1,440,2016-04-28T09:00:00
Wioqsa Suegha,Wioqsa__Suegha,25,58,2016-04-28T09:00:00
Lydia Clark,lydiaclark211,1,851,2016-04-28T09:00:00
Dieu,_Eniotna_,19,135,2016-04-28T09:00:00
macoyzi,macoyzi,5,4295,2016-04-28T09:00:00
紀伊太郎,apple_pple_a,11,23,2016-04-28T09:00:00
まえかわ　もりひと,morigito0813,1,549,2016-04-28T09:00:00
universof2,universof2,1,127,2016-04-28T09:00:00
CNN México,CNNMex,1,3384665,2016-04-28T09:00:00
Abdullah Alghamdi,Abody00Alghamdi,2,43,2016-04-28T09:00:00
Anıl,WeareStan313,1,213,2016-04-28T09:00:00
proud is so random,nasderd,1,664,2016-04-28T09:00:00
Familia Albertiana,fam_albertiana,1,216,2016-04-28T09:00:00
春日部 大雅,KasukabeTaiga,2,7,2016-04-28T09:00:00
東京砂漠,apple_jpn_07,1,27,2016-04-28T09:00:00
pinki sharma,pinkisharma4,1,364,2016-04-28T09:00:00
يـہٰٓ ـآرۈحــہٛ ـې ❁,Abultten,5,256,2016-04-28T09:00:00
♥~~金希澈~~♥,heefever,1,211,2016-04-28T09:00:00
Zoifmo Puorve,Zoifmo__Puorve,58,133,2016-04-28T09:00:00
Ida,shindcam,1,85,2016-04-28T09:00:00
التكنولوجيا العربية,TheMENATech,1,72214,2016-04-28T09:00:00
✨ Ahri ✨,KaiiHolic,1,1951,2016-04-28T09:00:00
ALI ALSHEHRi ✍,ALIALSHEHRI47,1,2325,2016-04-28T09:00:00
Alireza,alixrezax,2,731,2016-04-28T09:00:00
NEWS速報,carryn88,1,5940,2016-04-28T09:00:00
あ,DisneyMMDDG,1,91,2016-04-28T09:00:00
Earl Schaffer,TheEarlSchaffer,1,37,2016-04-28T09:00:00
แปะเกิด,icecy_ch,1,227,2016-04-28T09:00:00
Lndsy♡,LindsayLolipop,1,333,2016-04-28T09:00:00
Waundo Geoxwe,Waundo__Geoxwe,61,64,2016-04-28T09:00:00
ブラッククローバー,BACKCLVER,1,,2016-04-28T09:00:00
るᕕ( ᐛ )ᕗか,777ruka1203,1,70,2016-04-28T09:00:00
Cláudia Tapety,Claudia_Tapety,1,593,2016-04-28T09:00:00
Cool Sussex,CoolSussex,1,2751,2016-04-28T09:00:00
عبداللـه الكناني♋️,abomaher1,2,637,2016-04-28T09:00:00
Social Media Tools,SMToolsGo,2,1781,2016-04-28T09:00:00
Lauriane B.M.G.,LaurianeBMG,1,172,2016-04-28T09:00:00
-ชยากวี-,Blaboo34,1,78,2016-04-28T09:00:00
パウロ,paulootosihi,2,10,2016-04-28T09:00:00
hilalhabercom,hilalhabercom,1,692,2016-04-28T09:00:00
さちこ,apple_sc_1,8,169,2016-04-28T09:00:00
team fleet,fleetnationteam,2,490,2016-04-28T09:00:00
Aisyah,aisyah_343,1,1546,2016-04-28T09:00:00
hiramcalhounanc,hiramcalhounanc,1,419,2016-04-28T09:00:00
Kalati Bà Media,KalatiBa,1,488,2016-04-28T09:00:00
ぱせり,55omochi,1,13,2016-04-28T09:00:00
Art,_ataveira,2,3157,2016-04-28T09:00:00
François DOFFINY,F_DOFFINY,1,206,2016-04-28T09:00:00
テルミっぷる先生＠蒼渡せよｺﾞﾗｧ！,apple_co578713,25,1059,2016-04-28T09:00:00
ϟʕ♡˙ᴥ˙♡ʔ,qallent,1,299,2016-04-28T09:00:00
Bri !!♥,Morse_Briana17,1,1382,2016-04-28T09:00:00
Alatea Scales,AlatScal,1,72,2016-04-28T09:00:00
luis de la torre,luisdelatorren,1,11,2016-04-28T09:00:00
橘☆ありくい//はがです,YIdKGINEIJBKOzm,1,325,2016-04-28T09:00:00
Macclesfield Fan App,SilkmenFanApp,2,3013,2016-04-28T09:00:00
Widnes Vikings App,WidnesVFanApp,6,4663,2016-04-28T09:00:00
Timeform Live,TimeformLive,1,9439,2016-04-28T09:00:00
Poavvu Loicne,Poavvu__Loicne,76,82,2016-04-28T09:00:00
Joe Hassoun,JoeJun4,1,608,2016-04-28T09:00:00
りね@Ship1,ryne_apple,4,8,2016-04-28T09:00:00
Science Instinct,Sci_Instinct,1,12996,2016-04-28T09:00:00
Событие,sozvezdie,1,368,2016-04-28T09:00:00
Agatha,BritsHotBitches,2,3877,2016-04-28T09:00:00
"เรเน่า #เปราะบาง♪♫",mmiwki,1,351,2016-04-28T09:00:00
Apple 24news IT,applenewsit24,26,1130,2016-04-28T09:00:00
Pond Radio,PONDRadio,12,353,2016-04-28T09:00:00
Port Vale Fan App,PortValeFanApp,3,4293,2016-04-28T09:00:00
まいね,MaineMurata,1,208,2016-04-28T09:00:00
あばばばば、,livras39,1,1,2016-04-28T09:00:00
Saned Blehag,sanedBelhag,1,2,2016-04-28T09:00:00
FAQ4Mobiles.de,faq4mobiles,1,553,2016-04-28T09:00:00
▼.ριмℓнנ.△,Pimcshx,1,139,2016-04-28T09:00:00
Marga,margeh1979,1,276,2016-04-28T09:00:00
Agencyonnet,agencyonnet,1,504,2016-04-28T09:00:00
Junna,ilyyyy_justin,1,302,2016-04-28T09:00:00
Javaid Akbar,JavaidAkbar3,1,17,2016-04-28T09:00:00
Videntes 806 556 292,Videntes806,1,28,2016-04-28T09:00:00
Melisa Piranha,Melisapiranha,2,97,2016-04-28T09:00:00
JUAN CARLOS PUENTE,STRATOFORTRESS9,4,1143,2016-04-28T09:00:00
Ahmet Mumlu,ahmetmumlu,1,968,2016-04-28T09:00:00
Mithun Kumar,Kumar07Mithun,1,39,2016-04-28T09:00:00
ㅤ,lustfuIsivan,1,3731,2016-04-28T09:00:00
나예☜추정시체,sati_fact,1,159,2016-04-28T09:00:00
Yavuz Cevik,yavuzcevik,1,132,2016-04-28T09:00:00
すまーほん,sumahohoho,12,2015,2016-04-28T09:00:00
Marcelo Bueno,mabueno,1,22,2016-04-28T09:00:00
OscarLEALdigital,Oscarlealrosa,3,592,2016-04-28T09:00:00
山越教順堂治療院 山越教雄,vPvIcumFyYglnsE,1,15,2016-04-28T09:00:00
Elie Kamil Nammour,nammour_elie,2,62,2016-04-28T09:00:00
ブレフロ-ドリスピ,d_sssssdd,1,72,2016-04-28T09:00:00
د.عيسى الحر,esshor,1,1701,2016-04-28T09:00:00
Fundas iPad Mini,FundasiPad_Mini,4,366,2016-04-28T09:00:00
Dennis Bowen,DBowenThrillers,1,4104,2016-04-28T09:00:00
George McGMaryland,McGMaryland,1,1491,2016-04-28T09:00:00
Root Nation,RN_com,1,2557,2016-04-28T09:00:00
天照大兄斑鳩皇子,ikaruga_salion,1,1778,2016-04-28T09:00:00
Jeff Topping,toppjj,1,788,2016-04-28T09:00:00
KAZ,JUKE15RX,1,9,2016-04-28T09:00:00
baja,hola_baja,1,449,2016-04-28T09:00:00
Dealabs.com,Dealabs,1,15195,2016-04-28T09:00:00
EUGENE PLAWIUK,eplawiuk,1,339,2016-04-28T09:00:00
Applejackbot,Applejack_bot,2,29,2016-04-28T09:00:00
Kuliner karanganyar,Kuliner_KRA,3,511,2016-04-28T09:00:00
c h r i z e l l e,Chrizellelalouu,1,146,2016-04-28T09:00:00
Zeejpe Viansi,Zeejpe__Viansi,30,99,2016-04-28T09:00:00
m.yahya hasyim yahya,myahyahasyim,2,699,2016-04-28T09:00:00
Eu Cobro,EuCobro,1,5389,2016-04-28T09:00:00
中村ス2号/こしひかり,nakamlus,1,125,2016-04-28T09:00:00
一瞼出っ歯のゴンザレス,BigbangFuwa,1,294,2016-04-28T09:00:00
東海レゲエ,tokaireggae2016,1,181,2016-04-28T09:00:00
WORALAK,apple_woralak,6,530,2016-04-28T09:00:00
Creekredman,Creekredman,1,741,2016-04-28T09:00:00
Jiotpu Siisto,Jiotpu__Siisto,37,23,2016-04-28T09:00:00
"Tyler¿%%,,",AllTariaLow_,1,449,2016-04-28T09:00:00
S****,Toxichae,1,2054,2016-04-28T09:00:00
Apple,apple_wert,10,25,2016-04-28T09:00:00
SEO Content,_SEO_Content,1,1556,2016-04-28T09:00:00
吉平 早壱,yoshihirasaichi,1,224,2016-04-28T09:00:00
Anthony Burgess-Webb,tbw1,1,419,2016-04-28T09:00:00
uhfffff,024617900,1,97,2016-04-28T09:00:00
vic bieber,FifthStylesDrew,1,1575,2016-04-28T09:00:00
informazione estero,infoitestero,11,215,2016-04-28T09:00:00
Rafaël A.,_shadykun,1,1506,2016-04-28T09:00:00
AppleNewsToday,AppleNews_Today,10,605,2016-04-28T09:00:00
fairyjwonwoo,kjwlsy_,1,233,2016-04-28T09:00:00
(=ↀωↀ=)✧,anotherfene,1,33,2016-04-28T09:00:00
사과,Apple_0v09,6,59,2016-04-28T09:00:00
Posicionar Web,iPosicionarWeb,1,30,2016-04-28T09:00:00
あこーじ：MHX中,ako_ji,1,609,2016-04-28T09:00:00
iTrackr_fr,iTrackr_fr,15,1162,2016-04-28T09:00:00
ПризракOverdosнойЭры,Ghost_WuYiFan,1,188,2016-04-28T09:00:00
opやっくり,op36smc,1,2,2016-04-28T09:00:00
TKJ 4 2011-2014,CNC4_,2,117,2016-04-28T09:00:00
只取一瓢飲,sheng,1,427,2016-04-28T09:00:00
Imran Hafeez Panhwar,roomeezon,4,4900,2016-04-28T09:00:00
mizobe Yukon,MizobeYukon,3,,2016-04-28T09:00:00
Pablo Grado,TabletNewsTweet,42,600,2016-04-28T09:00:00
☾★  cNr 1905  ☾★,HellKeepeR1905,1,1836,2016-04-28T09:00:00
ola,aliendolan,1,3139,2016-04-28T09:00:00
いけてゃ～ん ❀ 5/6 EGG !!,flumnassyi,1,447,2016-04-28T09:00:00
Axel Lecompte,AxelLecompte,1,990,2016-04-28T09:00:00
Rhoda Quest,Onlinecraft121,5,19206,2016-04-28T09:00:00
Zaibte Ceoclu,Zaibte__Ceoclu,18,278,2016-04-28T09:00:00
TNT Droid,TNTDroid,14,4263,2016-04-28T09:00:00
りんご。,Morning__Apple,2,118,2016-04-28T09:00:00
Efraín Vargas,cupavargas,3,171,2016-04-28T09:00:00
ちーたんをエッチな目で見ないでσ(¨̮),NextStage_withU,1,1651,2016-04-28T09:00:00
すぱいだ～あんてな,spiderantenatwi,1,1517,2016-04-28T09:00:00
レイ,xZbScJX5cQXHWZN,2,,2016-04-28T09:00:00
marcybatesiceo,marcybatesiceo1,1,364,2016-04-28T09:00:00
ゆきだるま,apple_____snow,11,61,2016-04-28T09:00:00
jakalana,endangrusmana67,1,348,2016-04-28T09:00:00
Inspirasi Kicauan,KicauGalau_1,1,227,2016-04-28T09:00:00
BSMT,BSMTRU,1,24,2016-04-28T09:00:00
find super deal,super_find,6,19,2016-04-28T09:00:00
Richard,Squid_Rich,6,1388,2016-04-28T09:00:00
Jan(McMorris)Manimoi,JanManimoi,2,4014,2016-04-28T09:00:00
まいまい::♡::,Aprilxxmahg,2,163,2016-04-28T09:00:00
shamon,shamonoir,1,1230,2016-04-28T09:00:00
Nutda,looknutmm,1,90,2016-04-28T09:00:00
Birmingham Fan App,BCFCFanApp,1,9364,2016-04-28T09:00:00
Permanent Future Lab,permanentfuture,1,2700,2016-04-28T09:00:00
A Y,atsuyatsu,1,73,2016-04-28T09:00:00
Tim Lord,timlord,1,965,2016-04-28T09:00:00
Liska neskape,LiskaKape,1,57,2016-04-28T09:00:00
FlyingFish,FlyingFishSA,1,5769,2016-04-28T09:00:00
アップル,apple_Y_A,12,238,2016-04-28T09:00:00
ρ⒓,paewalee,1,182,2016-04-28T09:00:00
さとぴよ、Amuse,ruruhttp3104,2,476,2016-04-28T09:00:00
Τι λες τώρα;,tilestwragreece,1,9428,2016-04-28T09:00:00
MarchOnCabaret!,MarchOnCabaret,1,768,2016-04-28T09:00:00
AllThingsAltBitcoins,alt_bit_coins,2,4145,2016-04-28T09:00:00
Call Me BONIE,BoniePermana,1,597,2016-04-28T09:00:00
ぴよ,piyojiya,1,155,2016-04-28T09:00:00
PaymentEye,PaymentEye,1,10357,2016-04-28T09:00:00
 Until Whenever ,819BANG2NE1,1,681,2016-04-28T09:00:00
Apple Top View,AppleTopView,5,12027,2016-04-28T09:00:00
Tori Bennett,torrribennett,1,746,2016-04-28T09:00:00
ほ,junnad,1,405,2016-04-28T09:00:00
Mad P,machinegunmadox,1,117,2016-04-28T09:00:00
Gregorio Patino,gregoriopatino,2,432,2016-04-28T09:00:00
あっぽう,apple_hksart,21,268,2016-04-28T09:00:00
Fatih Yigit,fatihyigitiu06,1,94,2016-04-28T09:00:00
Xoenpo Zeewye,Xoenpo__Zeewye,28,5,2016-04-28T09:00:00
iPhone News,iphonenewsooyuz,23,1354,2016-04-28T09:00:00
هلاليه 511,fahda_apple,4,402,2016-04-28T09:00:00
深谷翼,84AeIdrLX1XoUSZ,1,75,2016-04-28T09:00:00
esme,esmerxldad,1,210,2016-04-28T09:00:00
Dean Roon,deanroon,1,279,2016-04-28T09:00:00
Sanjeev P Saikia,Ni4u,1,598,2016-04-28T09:00:00
yui,om_nom_nom_15,1,70,2016-04-28T09:00:00
montevillanuevasha,vladislavz52o,1,440,2016-04-28T09:00:00
1n7h35y573m,1n7h35y573m,2,435,2016-04-28T09:00:00
الملكي ,999alghamdi999,1,861,2016-04-28T09:00:00
rssFeedomatic,rssFeedomatic,10,173,2016-04-28T09:00:00
tony griffin,tonydavid98,1,388,2016-04-28T09:00:00
酒部,sake_bu_,6,241,2016-04-28T09:00:00
Well Spoken Bocan,paulsteven,1,100117,2016-04-28T09:00:00
Paul Masson,ObscureAppsHD,20,265,2016-04-28T09:00:00
S,hentaithot,1,1280,2016-04-28T09:00:00
Юлия Еранцева,seorjian,1,387,2016-04-28T09:00:00
HIPHOPEIJIENT,HIPHOPEIJIENT,1,305,2016-04-28T09:00:00
Vance Rajan,rajat_rajan,1,293,2016-04-28T09:00:00
PathSM,PathSoMe,1,346,2016-04-28T09:00:00
Mehdi El Baroudi,melbaroudi,1,1753,2016-04-28T09:00:00
Goefra Qainqe,Goefra__Qainqe,71,181,2016-04-28T09:00:00
Rocco Salvetti,RoccoSalvetti,1,1337,2016-04-28T09:00:00
SEITO,SEITO18010385,1,46,2016-04-28T09:00:00
chce na selene; 197,biebsxl,1,3637,2016-04-28T09:00:00
ヨッシー,SoiCqmqYIMCCFZQ,1,,2016-04-28T09:00:00
Michael Bublé News,jasonsproblem,1,4917,2016-04-28T09:00:00
りょうへい,stkrhs0413,1,144,2016-04-28T09:00:00
Droid Day,droidday,1,13138,2016-04-28T09:00:00
엘의미열,Memoriesholic,1,290,2016-04-28T09:00:00
AiM (●￣(ｴ)￣●),AiMlvlEe,1,80,2016-04-28T09:00:00
maria pothitou,agapitiki,4,4344,2016-04-28T09:00:00
Joisje Laeqqi,Joisje__Laeqqi,55,101,2016-04-28T09:00:00
Acacia Willey,Tropic518,1,446,2016-04-28T09:00:00
⭐Hoshiko-Chan⭐,HoshiNoMiwaku,1,10,2016-04-28T09:00:00
Armando Martinez,619Jhonhardy,1,23,2016-04-28T09:00:00
My eBay HOOTS ⛄️,eBayHoots,2,894,2016-04-28T09:00:00
3JSB_HINA_GUN,Hii84353844Hii,2,42,2016-04-28T09:00:00
murat,TatogluMurat,1,171,2016-04-28T09:00:00
hinatomo,hinatomo0724,1,43,2016-04-28T09:00:00
차근,sunshine0000621,1,37,2016-04-28T09:00:00
แก๊งผีสี่ตัว,tarn28022541,1,83,2016-04-28T09:00:00
Elisabeth Jones,elisabe61425669,1,412,2016-04-28T09:00:00
Design And Dev. News,wdadnews,2,799,2016-04-28T09:00:00
Yer Weddell,YerWeddell,5,2643,2016-04-28T09:00:00
Kuaqco Wiibso,Kuaqco__Wiibso,49,123,2016-04-28T09:00:00
멜,Seppuku_ATM,1,17,2016-04-28T09:00:00
ㅂㅂ,xforeveralone,1,4,2016-04-28T09:00:00
豆✍5/13サンエル名古屋ぁぁぁぁ！,92Sakasa,1,228,2016-04-28T09:00:00
Maroc Actualité,Maroc_Actualite,1,374,2016-04-28T09:00:00
IPad Nieuws,ipadjournaal,1,219,2016-04-28T09:00:00
あかさた はまやん,michisachi1122,1,1,2016-04-28T09:00:00
Tony Matthew,VikingsFan1977,1,161,2016-04-28T09:00:00
Mario Rivas,mariorivasp,1,10477,2016-04-28T09:00:00
hanamaru,hanamaru0625,1,,2016-04-28T09:00:00
recuweb.com,recuweb,2,14204,2016-04-28T09:00:00
MEGU,0913_apple,4,30,2016-04-28T09:00:00
Vladislav Fitz,VladislavFitz,1,71,2016-04-28T09:00:00
ゆき,yukiharuco,1,1,2016-04-28T09:00:00
EllaLinda,EllaLinda6,3,52,2016-04-28T09:00:00
ℳ♡,maaarin_93,1,25,2016-04-28T09:00:00
` พัคซัง,Wk_tymP,1,72,2016-04-28T09:00:00
LEEROD BANTON,LEERODBANTON,1,378,2016-04-28T09:00:00
燎原,ryougen96,1,1432,2016-04-28T09:00:00
（ ♡ ） ゆ    い    な,yuina_jsg73,1,227,2016-04-28T09:00:00
Well@Brunel,WellBrunel,1,742,2016-04-28T09:00:00
JM5814,JM5814,1,720,2016-04-28T09:00:00
Danny Christopher,danlfc129,1,11,2016-04-28T09:00:00
行き場を失いつつある人間,TOMO19992,1,402,2016-04-28T09:00:00
яєαℓιѕт נανѕтαн,RHJOfficial,1,1937,2016-04-28T09:00:00
SoLa,yoshino_SoLa,1,186,2016-04-28T09:00:00
"#ThenTillNow",RampzLDN,1,1369,2016-04-28T09:00:00
형님이라불러줘요! ❁형❁,sssoya_,1,77,2016-04-28T09:00:00
سوماا الجهنيه ❤️,b9e8s7o,1,2429,2016-04-28T09:00:00
Momayz,janyaporn910725,1,70,2016-04-28T09:00:00
Sweet Dawn-Tea,TheYogurtThief,1,578,2016-04-28T09:00:00
Salahadin Dzayee,nalykurd,5,83,2016-04-28T09:00:00
ゆうじ,Aristo6776Yuji,1,,2016-04-28T09:00:00
Ahmed Hussein,AhmedMarsha,2,1080,2016-04-28T09:00:00
Integrated Solutions,MyTechSupportUK,2,11259,2016-04-28T09:00:00
Ysabel Anne,qrstuvwxysay,1,222,2016-04-28T09:00:00
마이,maisbigbang,1,522,2016-04-28T09:00:00
Evil King,bibii_j,1,566,2016-04-28T09:00:00
Gold-Candle,Etenokin,2,2,2016-04-28T09:00:00
Classic Rock,ClassicRockAsia,82,742,2016-04-28T09:00:00
Louise Peres,louiseperse,1,50,2016-04-28T09:00:00
tptype,tp_type,3,12,2016-04-28T09:00:00
Charlie Mills,MrCharlieMills,1,384,2016-04-28T09:00:00
Robert Johnson,Robert_John411,5,2643,2016-04-28T09:00:00
arn1.doh!,Lo0neyTun3s,1,1333,2016-04-28T09:00:00
Nobong Barrientos,BuragaTweets,1,773,2016-04-28T09:00:00
めんま,ayumiss1,1,870,2016-04-28T09:00:00
..,stftmhs,1,729,2016-04-28T09:00:00
DelicyKism,DelicyKism,44,417,2016-04-28T09:00:00
Subi Bosa,Hitsubishi,1,266,2016-04-28T09:00:00
BaxeN,BarisAksen,1,4381,2016-04-28T09:00:00
Fucked Up Zombie,Galaluay,1,649,2016-04-28T09:00:00
LoozeR,LZR_80,1,333,2016-04-28T09:00:00
Techno Factz,technofactz,1,1990,2016-04-28T09:00:00
Reading FC Fan App,ReadingFanApp,2,6994,2016-04-28T09:00:00
Aziz.,1Vvii,1,1123,2016-04-28T09:00:00
rima,rimairama24,60,7279,2016-04-28T09:00:00
David Stevenson,QuickCallDave,1,27,2016-04-28T09:00:00
御影なのは,nanoha_sirayuki,1,103,2016-04-28T09:00:00
ﾕｳﾄﾝ･ﾌｼﾞ･ｼﾞｭｰｺｰ,KuroYuto_32,1,1660,2016-04-28T09:00:00
فهد فوزي سلامه,fslamh0,1,231,2016-04-28T09:00:00
あゆ@ミントクルー,BBB_green318,1,65,2016-04-28T09:00:00
@OmakNeams,OmakNeams,19,267,2016-04-28T09:00:00
root crop,nilupak,2,1440,2016-04-28T09:00:00
The Wisher,WishFeeder,1,517,2016-04-28T09:00:00
bander,Poesiden1,1,6,2016-04-28T09:00:00
Argho atmadja,ArghoAtmadja,1,38,2016-04-28T09:00:00
Maagg,MaaggTech,3,340,2016-04-28T09:00:00
Lee smith,LeedigitLs,1,237,2016-04-28T09:00:00
Роза Бедрань,VipBedran,1,12,2016-04-28T09:00:00
Florence Bond,florencebond19,1,358,2016-04-28T09:00:00
وفّــاء.,xilff_,1,318,2016-04-28T09:00:00
⇣ ..✍,MESHAL_ALSHATI,1,1096,2016-04-28T09:00:00
BeiD 베이디,wookdori,1,4,2016-04-28T09:00:00
篠原 和葵,onihs_48,3,42,2016-04-28T09:00:00
[CTAG] RickCromoFan,rickcromofan,1,1627,2016-04-28T09:00:00
Guaymo Riijso,Guaymo__Riijso,100,118,2016-04-28T09:00:00
"#DANGEROUS_WOMEN",Tami_lovers13,6,459,2016-04-28T09:00:00
دار الكمال المتحدة,alkamalunited,1,12,2016-04-28T09:00:00
ヾ( ﾟ∀ﾟ)ﾉﾞ,19991105_,1,449,2016-04-28T09:00:00
i.,Ai_Love_Jin,1,2257,2016-04-28T09:00:00
Anirban Paul,anirpaul,1,218,2016-04-28T09:00:00
Midas Touch,RespekMyAt_,4,2132,2016-04-28T09:00:00
syntax error,binguvirus,1,115,2016-04-28T09:00:00
masa-gonta 相互フォロー募集中,masa19801986,1,1878,2016-04-28T09:00:00
marymcallisterey,marymca94087950,1,444,2016-04-28T09:00:00
Noux Health,NouxHealth,2,818,2016-04-28T09:00:00
Ben Schmaderer,muc_webdesigner,3,1209,2016-04-28T09:00:00
GII,ggnxxx,1,216,2016-04-28T09:00:00
Simanic,simanic,1,263,2016-04-28T09:00:00
Sachin Kapur,sachin17kapur,1,86,2016-04-28T09:00:00
Geofisico,geofisico2011,6,2024,2016-04-28T09:00:00
브룩/BRooK,APPLE_BRK,14,549,2016-04-28T09:00:00
色欲のLUST,LUST20205682,1,11,2016-04-28T09:00:00
きーぽけ,akatuki0033,1,659,2016-04-28T09:00:00
iPad agent,ipad__agent,8,890,2016-04-28T09:00:00
LBG,leobarberet,1,274,2016-04-28T09:00:00
発展場情報＆無料ゲイ動画,hatten_movie,1,659,2016-04-28T09:00:00
Maria Sinaga,MariiaSinaga,1,559,2016-04-28T09:00:00
Lara Tecnológica,TecnoLara,6,260,2016-04-28T09:00:00
IMI Press,IMIPress,1,707,2016-04-28T09:00:00
tante linda,tantelinda24,10,7019,2016-04-28T09:00:00
ゆーひ,yuuhireggaelove,1,674,2016-04-28T09:00:00
pc-passion,pcpassion1,1,13,2016-04-28T09:00:00
/-♡-/,bbbowss,1,74,2016-04-28T09:00:00
lugemwa patrick,lugspatrickpd,3,12,2016-04-28T09:00:00
チハル＠re書店員レベル5,tiharu4happy,1,1953,2016-04-28T09:00:00
ゲーム壁打ち用,5Cv15,13,1,2016-04-28T09:00:00
❄︎料理投稿❄︎,Koki0902A,1,19,2016-04-28T09:00:00
Nono,ComFutbolvida,1,38,2016-04-28T09:00:00
Alex Lin,carpedium97,1,4,2016-04-28T09:00:00
金井トシキ,kanaitoshiki,3,543,2016-04-28T09:00:00
jose...,jxs46,1,740,2016-04-28T09:00:00
Tumble.,hellotherewaft,1,55,2016-04-28T09:00:00
transcriptum,transcriptum,1,15,2016-04-28T09:00:00
Ian,i_ian4xxx4,4,5,2016-04-28T09:00:00
Dundee Utd Fan App,DundeeUtdApp,4,5563,2016-04-28T09:00:00
chiaki,chi_23,1,33,2016-04-28T09:00:00
DIRTY WITNESS,DIRTYWITNESS,1,34,2016-04-28T09:00:00
クソ暴言、クソリプ垢,_________2D,2,2,2016-04-28T09:00:00
コーイチロー⊿,starbaby_kox,1,1070,2016-04-28T09:00:00
WhatMoney,WhatMoney1,6,289,2016-04-28T09:00:00
Loly Negrin 2.0,lolynegrin,3,2072,2016-04-28T09:00:00
"#freetasha",kikobunnies,1,152,2016-04-28T09:00:00
Chiara Bi,ChiaraBi10,1,66,2016-04-28T09:00:00
The Outlet,OutletiusMc,1,18,2016-04-28T09:00:00
Александра Яковлева,1962Aleksandra,1,36,2016-04-28T09:00:00
DiffusionPost,DiffusionPost,1,15986,2016-04-28T09:00:00
MezzoFc_Bekasi,MezzoFc,2,296,2016-04-28T09:00:00
extremely cheap offe,juradoposeidon,46,82,2016-04-28T09:00:00
PAX,pax_pack,1,3635,2016-04-28T09:00:00
«iG»,iguides_ru,3,62877,2016-04-28T09:00:00
iPhoneiac.com ,AppleBalikpapan,14,2228,2016-04-28T09:00:00
RSS,eEditorRSS,2,107,2016-04-28T09:00:00
Tony Knox,KnoxTony,1,90,2016-04-28T09:00:00
MarketManNow,MarketManNow,4,236,2016-04-28T09:00:00
Lynn Closky,mrscjc2,1,10,2016-04-28T09:00:00
Daniela Visevic,visevic_daniela,1,,2016-04-28T09:00:00
Off The Corner,JoyaqaScheuer,5,475,2016-04-28T09:00:00
William Peggy,WilliamPeggy1,1,1692,2016-04-28T09:00:00
himeko chan,himekochan7,4,129,2016-04-28T09:00:00
HartwareAktu,HartwareAktu,2,8276,2016-04-28T09:00:00
aftab sadiq,aftab_sadiq,1,59,2016-04-28T09:00:00
山田はら,ap2531jdmgmw,2,2,2016-04-28T09:00:00
LUNA,cacaluna84,1,161,2016-04-28T09:00:00
Location Technology,LBSzone,14,4110,2016-04-28T09:00:00
Swedish Memes,SwedishMemes,1,7,2016-04-28T09:00:00
すまほさん,pack1to99,1,2,2016-04-28T09:00:00
GolyakovKirya,GKirya,1,8,2016-04-28T09:00:00
紅のクーマ,kuuuma29,1,201,2016-04-28T09:00:00
Morales Rojas Luis,Looshow,1,93,2016-04-28T09:00:00
มาคึทงแบง™,Gnamulin,1,237,2016-04-28T09:00:00
MetroSix,metrosix,1,355,2016-04-28T09:00:00
ふれっしゅ《嵐会行きたいー》,sato_bread3104,6,266,2016-04-28T09:00:00
Eve_ee,Eve_ees,1,22,2016-04-28T09:00:00
宏平,koheiohashi25,3,3,2016-04-28T09:00:00
Irena Gettova,Love_Gettova,1,212,2016-04-28T09:00:00
Wilfried DL2LK,wahlborn,6,3518,2016-04-28T09:00:00
iBlog News,iBlogNews,9,431,2016-04-28T09:00:00
I_Was_Kilgrave'd,AlphaCaelum45,1,1009,2016-04-28T09:00:00
Justin Currie,thejustincurrie,1,8703,2016-04-28T09:00:00
M||50 DAYS,nelsonxlovato,1,455,2016-04-28T09:00:00
find dazzle review,finddazzlerevi2,10,16,2016-04-28T09:00:00
Teen Vogue,TeenVogue,1,2595501,2016-04-28T09:00:00
CallingAllAstronauts,CAA_Official,4,465655,2016-04-28T09:00:00
ultraslan,berke_kuzucu,1,93,2016-04-28T09:00:00
壊れかけの朧,oboro626,1,326,2016-04-28T09:00:00
Pantelis Machineman,MachinemanGr,1,82,2016-04-28T09:00:00
Costas Andreou,CostasAndreou,1,108,2016-04-28T09:00:00
ぬるま湯@ダイオウ下手全１,Nelfee_09,1,246,2016-04-28T09:00:00
Electronics Comp Sci,ECSUoS,1,621,2016-04-28T09:00:00
angel＠かよライバー,Kin53213368Ta,1,490,2016-04-28T09:00:00
のりたまご,noritamago2010,1,216,2016-04-28T09:00:00
جديد التطبيقات,appsnewz,3,3069,2016-04-28T09:00:00
中神蘭花,ranka_joy_bot,30,94,2016-04-28T09:00:00
Saamaso,Saamaso_GRN,1,2369,2016-04-28T09:00:00
TECH MAGZINE,techmag182,3,105,2016-04-28T09:00:00
Tungwo,h12579942,3,,2016-04-28T09:00:00
バリ,PzXcKnpVQfNtWhN,2,1,2016-04-28T09:00:00
MARUYAMA Kei,keimaruyama,1,190,2016-04-28T09:00:00
ISH-ONE,ISH_ONE,1,14067,2016-04-28T09:00:00
JLG,jesuslongas,1,241,2016-04-28T09:00:00
Giulia Granzotto,GiuliaGranzotto,1,299,2016-04-28T09:00:00
Pitzhy'31,PapitchayaNAN,1,157,2016-04-28T09:00:00
Kunwar Chandra Pal,rajakcpal,1,289,2016-04-28T09:00:00
"14 #1's",FrankANTI,1,680,2016-04-28T09:00:00
goodpasturewinifred,valentingzmi,1,634,2016-04-28T09:00:00
키라,ksinco,1,654,2016-04-28T09:00:00
ネコメヤ｜じしんのはなしも,necomeya,1,409,2016-04-28T09:00:00
สีคราม(เกี๊ยวซี่'s),SNGMHbth,1,62,2016-04-28T09:00:00
Helionbooks,Helionbooks,1,6525,2016-04-28T09:00:00
Kuant ifiedself,Kuantifiedself,1,18,2016-04-28T09:00:00
Tony-Paul,tonywithy,1,14,2016-04-28T09:00:00
どくりんご。,matsuno_apple,1,1190,2016-04-28T09:00:00
ultra nice offer,nice_offer,3,14,2016-04-28T09:00:00
kohtaimai,kohtaimai,1,,2016-04-28T09:00:00
mild -,MiffMild,1,112,2016-04-28T09:00:00
Антоха,aaasal2,3,344,2016-04-28T09:00:00
tyn,tynabilah,1,279,2016-04-28T09:00:00
Apple World News™,AppleWorldInfo,9,219,2016-04-28T09:00:00
Fluid Branding,fluidbranding,1,8970,2016-04-28T09:00:00
fool,fool27371496,1,,2016-04-28T09:00:00
Zehavit Mandee,ZehavitMandee,1,3214,2016-04-28T09:00:00
แซนต์ ทีมกัปปะ ⛈,zantpx,1,214,2016-04-28T09:00:00
Ammad,5sNo11,1,172,2016-04-28T09:00:00
Eunice Croix,YouNiceX,1,54,2016-04-28T09:00:00
もえみ❁*.,moemin0309,1,7,2016-04-28T09:00:00
Simon Welsh*,simon_w,1,870,2016-04-28T09:00:00
Joe Macintosh,JoeLikesiOS,5,2566,2016-04-28T09:00:00
TechOnlineNews,TechOnlineNews,13,2414,2016-04-28T09:00:00
Paul Frenzel,PaulFrenzel,1,2677,2016-04-28T09:00:00
ultra great deal,ultra_deal,2,23,2016-04-28T09:00:00
West Coast Fleet DJs,WCFleetDjs,3,4882,2016-04-28T09:00:00
Foresight Noah,wenNEFisJESSY,2,852,2016-04-28T09:00:00
Griya Caraka News,CarakaGriyaNews,1,13,2016-04-28T09:00:00
l'insouciant,CiterneFrederic,1,384,2016-04-28T09:00:00
雛*,hinaringo_apple,9,58,2016-04-28T09:00:00
Apple Ref,Apple_Ref,13,1035,2016-04-28T09:00:00
スマートバイヤー,Smart_Buyer_FB,4,310,2016-04-28T09:00:00
Mas Dwi,dnanto78,4,1053,2016-04-28T09:00:00
うえすぎ,EAAsHRF5topmKD0,4,13,2016-04-28T09:00:00
ピンピン,pin_bin_bin,1,208,2016-04-28T09:00:00
Saya Hayatomi,SayaHayatomi,1,5448,2016-04-28T09:00:00
BOUK CHOUK,SAILOR022177,1,1,2016-04-28T09:00:00
Ecommerce Solutions,EcommerceSolut4,2,544,2016-04-28T09:00:00
Adrian,FBGADRIAN,1,928,2016-04-28T09:00:00
Gorilla Gorilla,GorillaBoogie,1,959,2016-04-28T09:00:00
Steve Price,Steve_Price_,4,785,2016-04-28T09:00:00
Lauren Hope,Hope_Mena84,1,1666,2016-04-28T09:00:00
marknovol,marknovol,2,57,2016-04-28T09:00:00
사과 (5月1日参戦予定♪),1122_got7,1,740,2016-04-28T09:00:00
I am 束縛ッキー,sz5dm,1,189,2016-04-28T09:00:00
¢HaHѓaźĘĐ ZEGRARI,ChahrazedZgr,1,347,2016-04-28T09:00:00
EE,EE,1,297041,2016-04-28T09:00:00
ウパルパ,19940510N,1,181,2016-04-28T09:00:00
Fernando A. Lepiman,FdoLepiman,1,2950,2016-04-28T09:00:00
Njut Tabi Godlove,masecdante,9,6383,2016-04-28T09:00:00
Tupu,ToopsBoo,1,989,2016-04-28T09:00:00
isuru Rodrigo,isuroO,1,69,2016-04-28T09:00:00
Le Mexicain,Le_Mexicain_,1,4,2016-04-28T09:00:00
BlackCrowManagement,BlackCrowMgmt,2,1924,2016-04-28T09:00:00
Russell Snyder,russellsnyd,1,573,2016-04-28T09:00:00
Janna. | 현아,xgathist,1,1506,2016-04-28T09:00:00
harith lela,harithallela,1,15,2016-04-28T09:00:00
Mats Lindholm,LindholmCo,1,291,2016-04-28T09:00:00
Trend Watch,wellerysrasheed,37,288,2016-04-28T09:00:00
Web2.0 SEO,net2,2,1554,2016-04-28T09:00:00
