picture_url,repeats
http://pbs.twimg.com/media/ChLd-KXW4AEvhBi.jpg,3706
http://pbs.twimg.com/media/ChLMCEZUkAAWYwf.jpg,2198
http://pbs.twimg.com/media/ChIolg4W0AAkVdR.jpg,790
http://pbs.twimg.com/media/ChHr3_GUoAEvxRP.jpg,778
http://pbs.twimg.com/media/ChLFZ3iUoAEO2PF.jpg,631
http://pbs.twimg.com/media/ChLG91LU8AAzxNs.jpg,525
http://pbs.twimg.com/media/ChLWqCNWYAEXg-6.jpg,422
http://pbs.twimg.com/media/ChJLPfzU4AA4gNB.jpg,340
http://pbs.twimg.com/media/ChLD5LuWkAA6Uj_.jpg,296
http://pbs.twimg.com/media/ChLEXWoWwAAJ0j0.jpg,286
http://pbs.twimg.com/media/ChLbwy1U8AEok5H.jpg,226
http://pbs.twimg.com/media/ChLsFCVU0AA_BIa.jpg,218
http://pbs.twimg.com/media/ChJBryWW4AAfxc3.jpg,213
http://pbs.twimg.com/media/ChLbfuzUcAIjwBc.jpg,188
http://pbs.twimg.com/media/ChK3xpjWwAE2U6Z.jpg,183
http://pbs.twimg.com/media/ChLtCqLUgAAiIZX.jpg,181
http://pbs.twimg.com/ext_tw_video_thumb/725612325395259392/pu/img/etfqHqlm-etxOvUp.jpg,177
http://pbs.twimg.com/media/ChLb7jmU8AE--l0.jpg,156
http://pbs.twimg.com/media/ChLc9i2UYAETzKF.png,138
http://pbs.twimg.com/media/ChLGXWbW4AAy29k.jpg,133
http://pbs.twimg.com/media/ChLWrFoUUAE3gVW.jpg,132
http://pbs.twimg.com/ext_tw_video_thumb/718530662492475393/pu/img/UAoeZkroWTHoXffu.jpg,127
http://pbs.twimg.com/media/ChLIIsTUcAArYE5.jpg,115
http://pbs.twimg.com/media/ChLt8cIUYAAnXrn.jpg,111
http://pbs.twimg.com/media/ChLJfqAUYAA0Gfk.jpg,111
http://pbs.twimg.com/media/ChLEDdNWUAEyhL0.jpg,107
http://pbs.twimg.com/ext_tw_video_thumb/725411204110376960/pu/img/6nRIptEWQi4LEHcN.jpg,107
http://pbs.twimg.com/media/CcJC33GVAAAmBKB.jpg,107
http://pbs.twimg.com/media/ChLD0U0WwAId4ij.jpg,106
http://pbs.twimg.com/media/ChKHtmAUgAAJixi.jpg,104
http://pbs.twimg.com/media/ChLq7SFU8AAA58M.jpg,101
http://pbs.twimg.com/media/ChLcdkdWMAASNIj.jpg,100
http://pbs.twimg.com/ext_tw_video_thumb/720662688896909312/pu/img/C0Nymmotys568iIc.jpg,100
http://pbs.twimg.com/media/CeBPR6JUkAAlrcG.jpg,92
http://pbs.twimg.com/media/ChIZ3ssU0AAipG3.jpg,92
http://pbs.twimg.com/media/ChLE0XQUoAIX4nf.jpg,90
http://pbs.twimg.com/media/Cg3lrJxUYAEPg01.jpg,87
http://pbs.twimg.com/media/ChEt4yRWMAAG2AS.jpg,84
http://pbs.twimg.com/media/ChGnCT8UkAAOnZf.jpg,84
http://pbs.twimg.com/media/ChLsWTnUUAEXrYp.jpg,82
http://pbs.twimg.com/media/ChIuZsfWIAAVTat.jpg,82
http://pbs.twimg.com/media/ChLEWKSWUAArTNV.jpg,81
http://pbs.twimg.com/media/ChJCoIwVEAAxB8u.jpg,81
http://pbs.twimg.com/media/ChJjNrHW4AAcSto.jpg,80
http://pbs.twimg.com/media/ChJfgRWUUAAyWUO.jpg,78
http://pbs.twimg.com/media/ChLFibGU4AEORrJ.jpg,77
http://pbs.twimg.com/media/ChJbs7mUYAEc3xq.jpg,75
http://pbs.twimg.com/media/CeXTySqUYAAc7_V.jpg,73
http://pbs.twimg.com/media/ChLKG8qXEAAULoh.jpg,71
http://pbs.twimg.com/media/ChJz2aIWkAEe8ko.jpg,70
http://pbs.twimg.com/media/ChKs5rjWUAE2T8m.jpg,68
http://pbs.twimg.com/media/ChLGZsbW0AAASK-.jpg,68
http://pbs.twimg.com/media/ChLmCZ8WYAAkNDZ.jpg,65
http://pbs.twimg.com/media/ChLFLnWWUAEpjNB.jpg,62
http://pbs.twimg.com/media/ChGqEANWkAAsOGd.jpg,61
http://pbs.twimg.com/media/ChJevmxWwAA9N_9.jpg,60
http://pbs.twimg.com/media/ChIYqBlUUAAZgba.jpg,60
http://pbs.twimg.com/media/ChLKeCSVEAEul_U.jpg,56
http://pbs.twimg.com/media/ChIsYfjUYAEtX0d.jpg,55
http://pbs.twimg.com/ext_tw_video_thumb/725799548971405312/pu/img/JiwtPxMBa_KvKGbF.jpg,55
http://pbs.twimg.com/media/ChAUxt3UgAIbdfX.png,54
http://pbs.twimg.com/media/ChJ3fU0U0AAsJxB.jpg,53
http://pbs.twimg.com/media/ChMeyCOWgAAjj3A.jpg,53
http://pbs.twimg.com/media/ChIniZGVEAA8dVR.jpg,52
http://pbs.twimg.com/media/CQ2TCy0UAAAGrdK.jpg,51
http://pbs.twimg.com/media/ChLP3pLVEAIGQeE.jpg,51
http://pbs.twimg.com/media/ChIuXMCU8AAsjuB.jpg,51
http://pbs.twimg.com/media/ChLWuVvW4AAw0Eo.jpg,50
http://pbs.twimg.com/media/ChLavwJUcAA-JI_.jpg,47
http://pbs.twimg.com/media/ChKTepLU0AAb_z2.jpg,47
http://pbs.twimg.com/media/ChH5eT3VEAAvb7s.jpg,46
http://pbs.twimg.com/ext_tw_video_thumb/725624977857216512/pu/img/xne0fYURQEQzvPQg.jpg,46
http://pbs.twimg.com/media/ChKPfcWU4AAkAuo.jpg,44
http://pbs.twimg.com/ext_tw_video_thumb/725525638606639104/pu/img/eorTk4cdutAIrIAc.jpg,42
http://pbs.twimg.com/media/CfhRBomUsAA4QNZ.jpg,42
http://pbs.twimg.com/media/ChJi_FVWgAAlfbr.jpg,42
http://pbs.twimg.com/media/ChKSBlyWIAA767e.jpg,42
http://pbs.twimg.com/media/ChJHqnqWMAI1KuS.jpg,42
http://pbs.twimg.com/media/ChH0HkXU0AEkZUx.jpg,41
http://pbs.twimg.com/media/ChKE4zIU4AEPLwh.jpg,41
http://pbs.twimg.com/media/ChJO8RJUUAAzEjg.jpg,40
http://pbs.twimg.com/media/ChLDzCqUoAAQRGs.jpg,39
http://pbs.twimg.com/media/ChLDZwjUUAIysie.jpg,38
http://pbs.twimg.com/ext_tw_video_thumb/708521728616468480/pu/img/o2Yk3bGx4_jjk1FC.jpg,38
http://pbs.twimg.com/ext_tw_video_thumb/725550741675499520/pu/img/ZvuotYN3zL8a__TP.jpg,38
http://pbs.twimg.com/media/ChLJgNBUkAABXcV.jpg,36
http://pbs.twimg.com/media/ChLQ64VXEAEexEX.jpg,35
http://pbs.twimg.com/media/ChLbnShU8AApMsE.jpg,35
http://pbs.twimg.com/media/Cg_wyejXEAY7VrC.jpg,34
http://pbs.twimg.com/media/ChIskrXWUAIbZ1_.jpg,33
http://pbs.twimg.com/media/ChLEHh5W0AAcURD.jpg,32
http://pbs.twimg.com/ext_tw_video_thumb/725829750510346240/pu/img/9vU4LX0eYX7PwMOR.jpg,32
http://pbs.twimg.com/media/ChLc47QUgAEzQUN.jpg,32
http://pbs.twimg.com/media/Cg9W1xKW4AQCBae.jpg,32
http://pbs.twimg.com/media/ChLbhudUgAELyK2.jpg,31
http://pbs.twimg.com/media/ChLsJ3LVEAYCHwd.jpg,31
http://pbs.twimg.com/media/ChLbn4aUYAAYrK7.jpg,31
http://pbs.twimg.com/ext_tw_video_thumb/725932165368705025/pu/img/aBoC0fxF88_XBPnq.jpg,31
http://pbs.twimg.com/media/ChIjn4aUYAAxrpU.jpg,31
http://pbs.twimg.com/ext_tw_video_thumb/725741101156470784/pu/img/gsa5odJpfrHT4bH1.jpg,31
http://pbs.twimg.com/media/ChLXlBSUkAEYOTA.jpg,30
http://pbs.twimg.com/media/ChIYDRMWUAA6pCQ.jpg,30
http://pbs.twimg.com/media/ChJgj-TUoAARHsr.jpg,30
http://pbs.twimg.com/media/ChIVRwqUgAAS7wF.jpg,29
http://pbs.twimg.com/media/ChLlU5dW0AAKAFh.jpg,29
http://pbs.twimg.com/media/ChJ1aKLWMAAc1Ma.jpg,29
http://pbs.twimg.com/media/CgUvIkjWwAAMHRw.jpg,29
http://pbs.twimg.com/media/ChKu2qhW0AE-xuH.jpg,28
http://pbs.twimg.com/media/ChKZGi5U4AATMrW.jpg,28
http://pbs.twimg.com/media/ChLtg3JVEAETZS0.jpg,28
http://pbs.twimg.com/media/ChKEYvQWkAE8daH.jpg,28
http://pbs.twimg.com/media/ChIxcM_WMAAryQD.jpg,28
http://pbs.twimg.com/media/ChJK9VLUYAI6v6o.jpg,27
http://pbs.twimg.com/media/ChLrmMhUkAAHhjy.jpg,27
http://pbs.twimg.com/media/ChFbI3xU8AA7qX2.jpg,27
http://pbs.twimg.com/media/ChJZ3K0WIAAF6TW.jpg,27
http://pbs.twimg.com/media/CcSpp0eWIAABRSl.jpg,27
http://pbs.twimg.com/media/ChGyMwBU0AAHCVh.jpg,26
http://pbs.twimg.com/media/ChLr52dU4AAUypw.jpg,26
http://pbs.twimg.com/ext_tw_video_thumb/725805411316731908/pu/img/PO7NXdTg_u51yfy1.jpg,26
http://pbs.twimg.com/media/ChJ4DOTVEAAb5zy.jpg,25
http://pbs.twimg.com/media/ChIAY0JUUAAEIoH.jpg,25
http://pbs.twimg.com/media/ChK9ZTwWgAEE8nr.jpg,25
http://pbs.twimg.com/media/ChKuYWSWgAAmENe.jpg,25
http://pbs.twimg.com/media/ChLdklNWYAQBcIQ.jpg,25
http://pbs.twimg.com/media/ChJNl67XEAASJgT.jpg,24
http://pbs.twimg.com/media/ChMexTDWYAAuZ-w.jpg,24
http://pbs.twimg.com/media/ChKF2DnWMAMNyS4.jpg,24
http://pbs.twimg.com/media/ChIuGqxW0AAFHoe.jpg,24
http://pbs.twimg.com/media/ChLdtW2UcAApXbO.jpg,24
http://pbs.twimg.com/media/ChIwBUqWkAA-xSh.jpg,24
http://pbs.twimg.com/media/ChLZ1e9U4AAZC4d.jpg,24
http://pbs.twimg.com/media/ChItLWwUgAALfRF.jpg,23
http://pbs.twimg.com/media/ChLLe1VU4AAP8Ju.jpg,23
http://pbs.twimg.com/media/ChKYPP6WwAE_6YZ.jpg,22
http://pbs.twimg.com/media/ChKauAEWYAYtrk4.jpg,22
http://pbs.twimg.com/media/ChIwDEyU4AA5cB0.jpg,22
http://pbs.twimg.com/media/ChKLRoGW4AEjU1D.jpg,22
http://pbs.twimg.com/media/Cg5JpoBWkAA5lUi.jpg,21
http://pbs.twimg.com/media/ChKNXwkWwAAszr5.jpg,21
http://pbs.twimg.com/media/ChLo_gQU8AEvY69.jpg,20
http://pbs.twimg.com/media/ChKr62BWIAQ6J6K.jpg,20
http://pbs.twimg.com/media/Cg_Nq6YUgAAmCTr.jpg,20
http://pbs.twimg.com/media/ChKJs8qWMAMy8BA.jpg,20
http://pbs.twimg.com/media/ChLdHjzWkAAJ_Sq.jpg,20
http://pbs.twimg.com/media/ChI2AKvU0AEMVAZ.jpg,20
http://pbs.twimg.com/media/ChKZbnDW0AIs-KH.jpg,20
http://pbs.twimg.com/media/ChIwakaWMAEkeog.jpg,20
http://pbs.twimg.com/media/ChJeGO5UkAAdMrN.jpg,19
http://pbs.twimg.com/media/ChIzOR5W4AEBpm3.jpg,19
http://pbs.twimg.com/media/ChLk6yQUoAEHCT1.jpg,19
http://pbs.twimg.com/media/ChJgbnBWkAAPym7.jpg,19
http://pbs.twimg.com/media/ChKB_GsUUAA1fPU.jpg,19
http://pbs.twimg.com/media/ChLyk1lUoAE64sk.jpg,18
http://pbs.twimg.com/media/ChHHePwWkAEnXZv.png,18
http://pbs.twimg.com/media/ChKXuX2W4AAoASP.jpg,18
http://pbs.twimg.com/media/ChLP5S2WYAEYtG3.jpg,18
http://pbs.twimg.com/media/ChJvrXJWUAEkpfG.jpg,18
http://pbs.twimg.com/media/ChHzBy7VEAEh-OA.jpg,18
http://pbs.twimg.com/media/ChJZXhzWkAA-4hm.jpg,18
http://pbs.twimg.com/media/ChLPTnaWwAE9YcZ.jpg,18
http://pbs.twimg.com/media/ChLRLQMW4AAgl_g.jpg,18
http://pbs.twimg.com/media/CguLP1oWkAAnzS_.jpg,18
http://pbs.twimg.com/media/ChHqtKZW4AAmZW3.jpg,18
http://pbs.twimg.com/media/ChLeVP-UoAEcCl-.jpg,17
http://pbs.twimg.com/media/ChLRXZ_WkAQ1ZSZ.jpg,17
http://pbs.twimg.com/media/ChJz3PVUYAIZznT.jpg,17
http://pbs.twimg.com/media/ChIGbyAVEAAntzA.jpg,17
http://pbs.twimg.com/media/Cb6Yn6OWwAALXpi.jpg,17
http://pbs.twimg.com/media/ChIrPMMWMAAbMV6.jpg,17
http://pbs.twimg.com/media/ChMXnOYVEAA5e4U.jpg,17
http://pbs.twimg.com/media/ChKNXdNWgAEUFFs.jpg,17
http://pbs.twimg.com/media/ChLhhmyUgAI21dK.jpg,17
http://pbs.twimg.com/media/ChLQs3wWwAAJJ-_.jpg,17
http://pbs.twimg.com/media/ChJzkLIUcAEEQ5C.jpg,17
http://pbs.twimg.com/media/ChL2gqqUUAAGPDK.jpg,16
http://pbs.twimg.com/media/ChKYt18WUAAk5ZU.jpg,16
http://pbs.twimg.com/media/ChJdBSWUUAA0Gx2.jpg,16
http://pbs.twimg.com/media/ChKUmXAWMAARG1N.jpg,16
http://pbs.twimg.com/media/ChLc47AVEAENFYQ.jpg,16
http://pbs.twimg.com/media/ChKq8qaWIAA7e85.jpg,16
http://pbs.twimg.com/media/ChHjtR0UUAAJvVn.jpg,16
http://pbs.twimg.com/media/ChIj2_4WgAIBNNc.jpg,16
http://pbs.twimg.com/media/CfXHlDBXIAAW49r.jpg,16
http://pbs.twimg.com/media/ChKPXxkUcAAdFwE.jpg,16
http://pbs.twimg.com/media/ChKVdj0U8AAvc-9.jpg,16
http://pbs.twimg.com/media/ChKOay4WwAAz2P5.jpg,16
http://pbs.twimg.com/media/ChMG6LQU4AAtDw-.jpg,16
http://pbs.twimg.com/media/ChIVIoWUkAArtTl.jpg,16
http://pbs.twimg.com/media/ChMekPRUgAANJ5a.jpg,16
http://pbs.twimg.com/media/CfSrdWJWsAACV7G.jpg,15
http://pbs.twimg.com/media/ChLFoI8WUAERUt1.jpg,15
http://pbs.twimg.com/media/ChIWQzxUUAELyNe.jpg,15
http://pbs.twimg.com/media/ChKXZCfWIAE-c2P.jpg,15
http://pbs.twimg.com/media/ChLPIf2WwAAXQcF.jpg,15
http://pbs.twimg.com/media/ChKK2LQW4AEDsJO.jpg,15
http://pbs.twimg.com/media/ChMH_JpUkAIdlpc.jpg,15
http://pbs.twimg.com/media/ChKNgTVWMAEnJ-N.jpg,15
http://pbs.twimg.com/media/ChLQJUdVEAAckAu.jpg,15
http://pbs.twimg.com/media/ChGj617XEAAjwUm.jpg,15
http://pbs.twimg.com/media/ChKL6WtUUAEXjyI.jpg,15
http://pbs.twimg.com/media/ChMgFLTWUAA1scl.jpg,15
http://pbs.twimg.com/media/CgwdZn2U8AEXArq.jpg,15
http://pbs.twimg.com/media/ChLix6nUcAIdUTd.jpg,15
http://pbs.twimg.com/media/CfQsmwCXIAAM63j.jpg,14
http://pbs.twimg.com/media/ChH1kWjWIAEw84n.jpg,14
http://pbs.twimg.com/media/ChKBEeBUkAAucEm.jpg,14
http://pbs.twimg.com/media/ChLD2BzWMAAA79w.jpg,14
http://pbs.twimg.com/media/ChEfR5AWgAA78o_.jpg,14
http://pbs.twimg.com/ext_tw_video_thumb/725903624971280384/pu/img/jeJwJeLQ65QLwwow.jpg,14
http://pbs.twimg.com/media/ChLiLCqUcAA0frM.jpg,14
http://pbs.twimg.com/media/ChMeyx4WYAA7HXl.jpg,14
http://pbs.twimg.com/ext_tw_video_thumb/724776800631529474/pu/img/oEIIx2sW48Cyc9bJ.jpg,14
http://pbs.twimg.com/media/ChJqPQoWMAEzTJc.jpg,14
http://pbs.twimg.com/media/ChLIEvpUgAAQo-E.jpg,14
http://pbs.twimg.com/media/ChJJvLgVEAMsfRI.jpg,14
http://pbs.twimg.com/media/B9uRcInIIAAPZMx.jpg,14
http://pbs.twimg.com/media/ChHqQgxUYAA4gp6.jpg,14
http://pbs.twimg.com/media/ChLtJQlUkAE8bx7.jpg,13
http://pbs.twimg.com/media/ChJUPd_WYAEa9J6.jpg,13
http://pbs.twimg.com/media/ChKq1_FUYAAzc9c.jpg,13
http://pbs.twimg.com/media/ChKPS_iU0AEPjFB.jpg,13
http://pbs.twimg.com/media/ChJ4JAnUgAA-sRC.jpg,13
http://pbs.twimg.com/media/ChHs7puUkAAKxsI.jpg,13
http://pbs.twimg.com/media/ChMieuPUkAAFcB7.jpg,13
http://pbs.twimg.com/media/ChI106kW4AA6r3o.jpg,13
http://pbs.twimg.com/media/ChLboYaVEAADhDL.jpg,13
http://pbs.twimg.com/ext_tw_video_thumb/725686333356777476/pu/img/jSNh8Rpj5ku5tINl.jpg,13
http://pbs.twimg.com/media/ChLEFakWwAA9bN0.jpg,13
http://pbs.twimg.com/media/ChLzuTIUUAAuxh0.jpg,13
http://pbs.twimg.com/media/ChLN2BxUkAAMujb.jpg,13
http://pbs.twimg.com/media/ChEOdh_WkAAcYRX.jpg,13
http://pbs.twimg.com/media/ChKUWiPXEAE8tYA.jpg,13
http://pbs.twimg.com/media/ChIsZ-_W0AA3uqC.jpg,12
http://pbs.twimg.com/media/ChLDughW4AADUGO.jpg,12
http://pbs.twimg.com/media/ChH9TXeUkAAoFzZ.jpg,12
http://pbs.twimg.com/media/ChKFWjZW4AgMDDw.jpg,12
http://pbs.twimg.com/ext_tw_video_thumb/723195366171090944/pu/img/zirPNqFG46ndKyxu.jpg,12
http://pbs.twimg.com/media/ChKVQ4_WYAAGgUD.jpg,12
http://pbs.twimg.com/media/ChJX3xVU8AAsq_b.jpg,12
http://pbs.twimg.com/media/ChJ4qcLU0AAh_ZO.jpg,12
http://pbs.twimg.com/media/ChAWRuOU8AAohQB.jpg,12
http://pbs.twimg.com/media/ChKVeQlUgAAsdHl.jpg,12
http://pbs.twimg.com/media/ChMRCfBUUAE8bHh.jpg,12
http://pbs.twimg.com/media/ChLb63jXEAA9esR.jpg,12
http://pbs.twimg.com/media/ChL0RmlUoAAcaLw.jpg,12
http://pbs.twimg.com/media/ChJzC1NWwAA3mS_.jpg,12
http://pbs.twimg.com/media/ChJlsijUkAAgmD_.jpg,12
http://pbs.twimg.com/media/ChK9yAeU4AAA6HI.jpg,12
http://pbs.twimg.com/media/ChHe8YxUkAAwHw-.jpg,12
http://pbs.twimg.com/media/ChHEmzxWkAABtPh.jpg,12
http://pbs.twimg.com/media/ChHsQdbWkAAPZOD.jpg,12
http://pbs.twimg.com/media/ChKTWpuW4AAkuGG.jpg,12
http://pbs.twimg.com/media/ChHH9LoUkAA0TeE.jpg,12
http://pbs.twimg.com/media/ChIp7gCXEAAaRCB.jpg,12
http://pbs.twimg.com/media/ChIWwGDW0AA9PvC.jpg,12
http://pbs.twimg.com/media/ChJ08iAXEAEIV_e.jpg,11
http://pbs.twimg.com/media/ChLufIvVEAE7l4H.jpg,11
http://pbs.twimg.com/ext_tw_video_thumb/725585366678294528/pu/img/AfUoBqvCqiWNEoMy.jpg,11
http://pbs.twimg.com/media/ChD8w5NU4AA2Xfg.jpg,11
http://pbs.twimg.com/ext_tw_video_thumb/717754522970402816/pu/img/ukwKTJaFtKFGDfcO.jpg,11
http://pbs.twimg.com/media/ChKDFzHWIAARAO3.jpg,11
http://pbs.twimg.com/media/ChMdlCJWMAAvkGS.jpg,11
http://pbs.twimg.com/ext_tw_video_thumb/725544024942104576/pu/img/PzvlTRpYk3QBFipM.jpg,11
http://pbs.twimg.com/media/ChLAXUzU8AADVYt.jpg,11
http://pbs.twimg.com/media/ChHpfkuUoAArvfY.jpg,11
http://pbs.twimg.com/media/CgdQ-z-W4AAN8wn.jpg,11
http://pbs.twimg.com/media/CffSJekW4AEkuWL.jpg,11
http://pbs.twimg.com/media/ChJYvH-W4AIrwLz.jpg,11
http://pbs.twimg.com/media/ChJ_PGtWIAA5a38.jpg,11
http://pbs.twimg.com/media/ChI03xWUUAETXwI.jpg,11
http://pbs.twimg.com/media/ChLM-NiXEAATxM0.jpg,11
http://pbs.twimg.com/media/ChH1hMEU4AAE_h5.jpg,11
http://pbs.twimg.com/media/ChIHrKfXEAExctU.jpg,11
http://pbs.twimg.com/media/ChKPHQ0VEAAN60y.jpg,11
http://pbs.twimg.com/media/ChLDQK0UkAAe7Xh.jpg,11
http://pbs.twimg.com/media/Cg51IX-W4AAWGVU.jpg,11
http://pbs.twimg.com/media/Cg38vwcUkAAQwq_.jpg,11
http://pbs.twimg.com/media/ChLHRduUcAAwEHc.jpg,11
http://pbs.twimg.com/media/ChIn_EfWYAAWRWA.jpg,11
http://pbs.twimg.com/media/ChJzifAWUAAX8VW.jpg,11
http://pbs.twimg.com/media/Cg5OGUaUYAAqsV-.jpg,10
http://pbs.twimg.com/media/ChEdyT1VEAAbrVl.jpg,10
http://pbs.twimg.com/media/ChH17dmU8AAA-4T.jpg,10
http://pbs.twimg.com/media/ChHq93nXEAAaUli.jpg,10
http://pbs.twimg.com/media/ChJPZnvUgAEXE7W.jpg,10
http://pbs.twimg.com/media/ChHqDcOWgAAkdpe.jpg,10
http://pbs.twimg.com/media/ChJ3CulUUAAFdgK.jpg,10
http://pbs.twimg.com/media/ChKNrNEU4AESdNF.jpg,10
http://pbs.twimg.com/media/ChMbxRGWMAEy-cX.jpg,10
http://pbs.twimg.com/media/ChKbtXwWwAE5QTu.jpg,10
http://pbs.twimg.com/media/ChLbWMzXEAAszoM.jpg,10
http://pbs.twimg.com/media/ChLktgzWIAEQfpq.jpg,10
http://pbs.twimg.com/media/ChJGhqqW0AEaXkm.jpg,10
http://pbs.twimg.com/media/ChHG0QWU8AA4XLL.jpg,10
http://pbs.twimg.com/media/ChBE0_GU0AAspuZ.jpg,10
http://pbs.twimg.com/media/ChD-GuOW0AE4T-G.jpg,10
http://pbs.twimg.com/media/ChK-2HfWUAAFvNU.jpg,10
http://pbs.twimg.com/media/ChIaJgPWYAAcLMF.jpg,10
http://pbs.twimg.com/media/ChL-T_XUkAMvWlD.jpg,10
http://pbs.twimg.com/media/ChHpm_rXEAAIXzp.jpg,10
http://pbs.twimg.com/media/ChKIZJbWkAEHjbO.jpg,10
http://pbs.twimg.com/media/ChJhNMKWwAAaVPm.jpg,10
http://pbs.twimg.com/media/ChIY4DwU0AAdFuF.jpg,10
http://pbs.twimg.com/media/ChLdiTyWkAAUbvz.jpg,10
http://pbs.twimg.com/media/ChLH_pEUgAE-5cD.jpg,10
http://pbs.twimg.com/media/ChJw_UaWMAAlJRq.jpg,10
http://pbs.twimg.com/media/ChLJXicUcAEKSOe.jpg,10
http://pbs.twimg.com/media/ChIxcWMUUAE6X4M.jpg,10
http://pbs.twimg.com/media/ChLk56gUcAkbL3t.jpg,10
http://pbs.twimg.com/media/ChL7cniU8AARuo0.jpg,10
http://pbs.twimg.com/media/ChMFc-aUYAEucS2.jpg,10
http://pbs.twimg.com/media/CfSrxTsXEAEzOuB.jpg,10
http://pbs.twimg.com/media/ChJhS2XUUAA92ct.jpg,10
http://pbs.twimg.com/media/ChJKKGVU8AA0Af-.jpg,10
http://pbs.twimg.com/media/Cgx6rmJVEAEy5tg.jpg,9
http://pbs.twimg.com/media/ChJep9BUcAAU4qQ.jpg,9
http://pbs.twimg.com/media/ChLFAoiUgAECe8K.jpg,9
http://pbs.twimg.com/media/ChL8-U2UUAETeBZ.jpg,9
http://pbs.twimg.com/ext_tw_video_thumb/725722287052341248/pu/img/6cePbMHvmXFZZO_G.jpg,9
http://pbs.twimg.com/media/ChJdMCCWYAA6t1F.jpg,9
http://pbs.twimg.com/media/ChDvRqFWMAAwh_z.jpg,9
http://pbs.twimg.com/media/Cg1HdP0UoAEMjYo.jpg,9
http://pbs.twimg.com/media/ChKujAMXEAAjOom.jpg,9
http://pbs.twimg.com/media/ChIn9ZNWIAA8QSZ.jpg,9
http://pbs.twimg.com/media/ChIBJpqWUAAV-oD.jpg,9
http://pbs.twimg.com/media/ChInp9DUYAAKoqZ.jpg,9
http://pbs.twimg.com/media/ChI6790W0AEjSIh.jpg,9
http://pbs.twimg.com/media/ChKPT4jXEAAzpNv.jpg,9
http://pbs.twimg.com/media/ChMgFLUU0AA_sDP.jpg,9
http://pbs.twimg.com/media/ChKVcukWIAAbOeu.jpg,9
http://pbs.twimg.com/media/ChJ6LtTW0AAEdnE.jpg,9
http://pbs.twimg.com/media/ChLTiUEWIAEwgHv.jpg,9
http://pbs.twimg.com/media/ChLaUvqWYAEsuCh.jpg,9
http://pbs.twimg.com/media/ChLlFhUUkAADdDS.jpg,9
http://pbs.twimg.com/media/ChJGuswUgAEcBgh.jpg,9
http://pbs.twimg.com/media/ChLq-X6U0AEAUua.jpg,9
http://pbs.twimg.com/media/ChHHJmGUoAAHzIx.jpg,9
http://pbs.twimg.com/media/ChIz9NiWIAATd7A.jpg,9
http://pbs.twimg.com/media/ChCclrCUUAAOOCc.jpg,9
http://pbs.twimg.com/media/ChLGOIVUYAAwA9z.jpg,9
http://pbs.twimg.com/media/ChLbBCJUkAAnWmr.jpg,9
http://pbs.twimg.com/media/ChLbnN-UYAA9UzD.jpg,9
http://pbs.twimg.com/media/ChLytBNUUAItFYW.jpg,9
http://pbs.twimg.com/media/ChLauyPWUAAGB8e.jpg,9
http://pbs.twimg.com/media/ChLI-ZOW4AEgFu1.jpg,9
http://pbs.twimg.com/media/ChLRIU3WkAAguXD.jpg,9
http://pbs.twimg.com/media/ChI04djUcAA02RG.jpg,9
http://pbs.twimg.com/media/ChLD3eSXEAE08K9.jpg,9
http://pbs.twimg.com/media/CHYIhnNWgAAP-Wc.jpg,9
http://pbs.twimg.com/media/ChI3AVEUcAEblin.jpg,9
http://pbs.twimg.com/media/ChLbDWUUkAAb4sb.jpg,9
http://pbs.twimg.com/ext_tw_video_thumb/725718280208584705/pu/img/e1ALsjkGMZ1hATTe.jpg,8
http://pbs.twimg.com/media/ChLv_KOUcAUmVAC.jpg,8
http://pbs.twimg.com/media/ChFoYtIW4AAgfpl.jpg,8
http://pbs.twimg.com/media/ChKBayRVEAA_cto.jpg,8
http://pbs.twimg.com/media/ChLOLe5WIAEmVnA.jpg,8
http://pbs.twimg.com/media/ChMJ7uEU4AENAwK.jpg,8
http://pbs.twimg.com/media/ChKU5PgXEAAZyNv.jpg,8
http://pbs.twimg.com/media/ChJcwU-W0AI794B.jpg,8
http://pbs.twimg.com/media/ChHpzP8UoAAvLk6.jpg,8
http://pbs.twimg.com/media/ChJ2_zyU0AAUttn.jpg,8
http://pbs.twimg.com/media/ChJDkeAUYAIKwnD.jpg,8
http://pbs.twimg.com/media/ChJxBoHU0AAaJhx.jpg,8
http://pbs.twimg.com/media/ChJPLiuWMAAb7tV.jpg,8
http://pbs.twimg.com/media/ChIsJSzXEAAwWm6.jpg,8
http://pbs.twimg.com/media/ChHlM1PWUAAE3h-.jpg,8
http://pbs.twimg.com/media/ChKXZjGU4AE4BOg.jpg,8
http://pbs.twimg.com/ext_tw_video_thumb/725954643377934336/pu/img/y-rUXzo3MZtt5zHR.jpg,8
http://pbs.twimg.com/media/ChL1SsBVEAAobm2.jpg,8
http://pbs.twimg.com/media/ChH1TYgUUAEYr-B.jpg,8
http://pbs.twimg.com/media/ChJ5__vU8AAzn12.jpg,8
http://pbs.twimg.com/media/Cg435tTWIAAtenN.jpg,8
http://pbs.twimg.com/media/Cg2hlFkUcAAMLrp.jpg,8
http://pbs.twimg.com/media/ChHj7oRW4AAzrPj.jpg,8
http://pbs.twimg.com/media/ChFT5SSWIAADsPZ.jpg,8
http://pbs.twimg.com/media/ChG5KmWVEAAi6MS.jpg,8
http://pbs.twimg.com/media/ChJR5klW4AAcJjR.jpg,8
http://pbs.twimg.com/media/Cg8jdV_WMAED9IZ.jpg,8
http://pbs.twimg.com/media/CbYgL5zUMAA9mTU.jpg,8
http://pbs.twimg.com/ext_tw_video_thumb/725955905477599232/pu/img/VwJglkiIV8-jncJ7.jpg,8
http://pbs.twimg.com/media/ChLi4AKWIAE_Uwh.jpg,8
http://pbs.twimg.com/media/ChLyEFuUcAID4Xc.jpg,8
http://pbs.twimg.com/media/ChARCciWMAAlfzM.jpg,8
http://pbs.twimg.com/ext_tw_video_thumb/725649246041571329/pu/img/tLi2MdDdL2JDIdV-.jpg,8
http://pbs.twimg.com/media/CcPcwyJUMAIrFxe.jpg,8
http://pbs.twimg.com/media/ChMZyAGUkAAmi5y.jpg,8
http://pbs.twimg.com/ext_tw_video_thumb/691109918594568192/pu/img/0zxjhk51qShiput0.jpg,8
http://pbs.twimg.com/media/ChIuoKMW0AA9xXL.jpg,8
http://pbs.twimg.com/ext_tw_video_thumb/725637595988824064/pu/img/GcdmOrLLE66vsn8Z.jpg,8
http://pbs.twimg.com/media/ChLbIdkWMAAOtEr.jpg,8
http://pbs.twimg.com/media/ChJIPe3WwAAYXHc.jpg,8
http://pbs.twimg.com/media/ChMG17sU0AAx6EN.jpg,8
http://pbs.twimg.com/media/ChIEA74WYAAXdA0.jpg,8
http://pbs.twimg.com/media/ChLjkq6WYAE5vyC.jpg,7
http://pbs.twimg.com/media/ChLJH7TUoAQbD39.jpg,7
http://pbs.twimg.com/media/ChLWcivUoAAo2ft.jpg,7
http://pbs.twimg.com/media/ChJerVIWYAEFzfN.jpg,7
http://pbs.twimg.com/media/ChJV_pOWgAAyHoH.jpg,7
http://pbs.twimg.com/media/ChLX1r6WIAI4Qcp.jpg,7
http://pbs.twimg.com/media/ChLkmASU8AEdNnP.jpg,7
http://pbs.twimg.com/media/ChJeth-U0AEp2oJ.jpg,7
http://pbs.twimg.com/media/ChIuhCCWkAMjwT0.jpg,7
http://pbs.twimg.com/media/ChLqpg6U4AEXCjZ.jpg,7
http://pbs.twimg.com/media/ChLUA26UUAAZURV.jpg,7
http://pbs.twimg.com/media/ChMJyTlUcAEProT.jpg,7
http://pbs.twimg.com/media/ChIuwlrU8AIu7Tq.jpg,7
http://pbs.twimg.com/media/ChLpHNgU8AAzgHo.jpg,7
http://pbs.twimg.com/media/ChKN7gtXEAEk8TS.jpg,7
http://pbs.twimg.com/media/ChHldu5VEAAZXDx.jpg,7
http://pbs.twimg.com/media/ChKqt5uWIAAHs50.jpg,7
http://pbs.twimg.com/media/ChIwOHmWIAA3XOA.jpg,7
http://pbs.twimg.com/ext_tw_video_thumb/722582054492356608/pu/img/LXOyxvad6cM_vLWe.jpg,7
http://pbs.twimg.com/media/ChLTEmUW4AAzr3F.jpg,7
http://pbs.twimg.com/media/ChG8uBWUcAAtRzQ.jpg,7
http://pbs.twimg.com/media/ChIUQEvU8AAdhWs.jpg,7
http://pbs.twimg.com/media/ChKt607WIAAWPvf.jpg,7
http://pbs.twimg.com/media/B3-iFldCEAIWNqp.jpg,7
http://pbs.twimg.com/media/ChKEXmjU8AEhOPs.jpg,7
http://pbs.twimg.com/media/ChJeg7fVEAAzUgh.jpg,7
http://pbs.twimg.com/media/CfdR0o9WIAAVeam.jpg,7
http://pbs.twimg.com/media/ChJhSyMU4AAXjMu.jpg,7
http://pbs.twimg.com/media/ChLrN73U4AE9faV.jpg,7
http://pbs.twimg.com/media/Cg8j6TtWMAAgTLn.jpg,7
http://pbs.twimg.com/media/ChJNamAWgAEfrTn.jpg,7
http://pbs.twimg.com/media/ChL3M9rUkAElnmr.jpg,7
http://pbs.twimg.com/media/ChJUPZgWYAEcY-E.jpg,7
http://pbs.twimg.com/media/ChKaBz6W0AYwphr.jpg,7
http://pbs.twimg.com/media/ChJF5p_UoAEYtpO.jpg,7
http://pbs.twimg.com/media/ChLF3ZYUgAAfqkX.jpg,7
http://pbs.twimg.com/media/ChJBf9oUkAQHSZ4.jpg,7
http://pbs.twimg.com/ext_tw_video_thumb/725842023928963072/pu/img/NYqVSWN5OuIIUGJe.jpg,7
http://pbs.twimg.com/media/ChJKQU9VEAAs4q4.jpg,7
http://pbs.twimg.com/media/CgBYQRqXIAAoJuz.jpg,7
http://pbs.twimg.com/media/ChHvcLGU8AEMopN.jpg,7
http://pbs.twimg.com/ext_tw_video_thumb/725786933570486274/pu/img/QU6hvjiNeOgiqzMk.jpg,7
http://pbs.twimg.com/media/ChKuoScWIAA2AuS.jpg,7
http://pbs.twimg.com/media/ChB9-uOUUAAXaVc.jpg,7
http://pbs.twimg.com/media/CPXWQIpWEAA5sg6.jpg,7
http://pbs.twimg.com/media/ChIc0gFVEAE1xpC.jpg,7
http://pbs.twimg.com/media/CfhaFzTWQAAuAER.jpg,7
http://pbs.twimg.com/media/ChLz3vUU8AALDGo.jpg,7
http://pbs.twimg.com/media/ChG4iMuXEAAp6a0.jpg,7
http://pbs.twimg.com/media/CfYS2Z1W8AIBGlb.jpg,7
http://pbs.twimg.com/media/ChIedL-WUAANx_9.jpg,7
http://pbs.twimg.com/media/ChH2pvzXEAEiBpZ.jpg,7
http://pbs.twimg.com/media/ChLDz4cWgAEC5sl.jpg,7
http://pbs.twimg.com/media/ChLE9HBWMAAQbWc.jpg,7
http://pbs.twimg.com/media/ChJ6LtyW4AIakQE.jpg,7
http://pbs.twimg.com/media/ChLFO_qWYAAqy3P.jpg,7
http://pbs.twimg.com/media/ChAuRa2U8AAA8el.jpg,7
http://pbs.twimg.com/media/ChFd-74VEAAaIvQ.jpg,7
http://pbs.twimg.com/media/ChJJLXFWUAAyLKb.jpg,7
http://pbs.twimg.com/media/ChLCbCtWwAAVzHv.jpg,7
http://pbs.twimg.com/media/ChG7iopU0AAAaU5.jpg,7
http://pbs.twimg.com/ext_tw_video_thumb/725932017561403393/pu/img/uE5sCHPTgeR-dQ8_.jpg,7
http://pbs.twimg.com/media/ChJdmOPU0AApokr.jpg,7
http://pbs.twimg.com/media/ChI1z7UUkAAeMzU.jpg,7
http://pbs.twimg.com/media/CeXculVUMAArcCU.jpg,7
http://pbs.twimg.com/media/ChIs98YUkAA7y6G.jpg,7
http://pbs.twimg.com/media/ChFxmlxWYAEs9eR.jpg,7
http://pbs.twimg.com/media/ChJ3RK4VEAEjVxx.jpg,7
http://pbs.twimg.com/ext_tw_video_thumb/725756648082395137/pu/img/VDyB3Y8qdvXD1B_P.jpg,7
http://pbs.twimg.com/media/ChKIy3NU0AEQuBw.jpg,7
http://pbs.twimg.com/media/ChL-sYUU0AEA0K1.jpg,7
http://pbs.twimg.com/media/Cg48cnIW4AAr65t.jpg,7
http://pbs.twimg.com/media/ChMiyFaU0AApioZ.jpg,7
http://pbs.twimg.com/media/ChIqMHqW0AAz8jt.jpg,7
http://pbs.twimg.com/media/ChIsJHKWIAEMcrO.jpg,7
http://pbs.twimg.com/media/ChKHbUEVEAAvuBa.jpg,7
http://pbs.twimg.com/media/ChMkSF4WUAAghf3.jpg,7
http://pbs.twimg.com/media/Cf7m5cvUMAIqtX_.jpg,7
http://pbs.twimg.com/media/ChLb0dVW4AAIGIh.jpg,6
http://pbs.twimg.com/media/ChLcg0zW0AAfBLX.jpg,6
http://pbs.twimg.com/media/ChD-RmoU0AExCFH.jpg,6
http://pbs.twimg.com/media/ChKpYxwUgAApxhy.jpg,6
http://pbs.twimg.com/media/ChGefJsUkAAgny8.jpg,6
http://pbs.twimg.com/media/ChKoq4lU4AATQTl.jpg,6
http://pbs.twimg.com/media/ChLcrTdU4AA33b6.jpg,6
http://pbs.twimg.com/media/ChItVCvU4AEllcl.jpg,6
http://pbs.twimg.com/media/ChIGfsaW0AISEjw.jpg,6
http://pbs.twimg.com/media/ChLZCxcUUAAUnnH.jpg,6
http://pbs.twimg.com/media/ChKniTgW0AEPeb2.png,6
http://pbs.twimg.com/media/ChIsYt0WMAASV52.jpg,6
http://pbs.twimg.com/media/ChJhP4lUkAA-4JF.jpg,6
http://pbs.twimg.com/media/BX5XFDOIMAAMjA3.jpg,6
http://pbs.twimg.com/media/ChLboQfVEAABTJ1.jpg,6
http://pbs.twimg.com/media/ChLgB2GUgAARssi.jpg,6
http://pbs.twimg.com/media/ChIQrp-WYAE-m6W.jpg,6
http://pbs.twimg.com/ext_tw_video_thumb/647483012230303744/pu/img/r1f3x-yyUjQiHWqy.jpg,6
http://pbs.twimg.com/ext_tw_video_thumb/720824391873921024/pu/img/ndXzN9o3LVjvBNsP.jpg,6
http://pbs.twimg.com/media/ChKyv3EUUAEsv-0.jpg,6
http://pbs.twimg.com/media/ChJRYEmWIAAU0c3.jpg,6
http://pbs.twimg.com/media/CN4mpDYUwAEoTad.png,6
http://pbs.twimg.com/media/ChLh_MlW4AAyxUT.jpg,6
http://pbs.twimg.com/media/ChLKF58W0AA5KC7.jpg,6
http://pbs.twimg.com/media/ChJdsAAVEAAW3Jt.jpg,6
http://pbs.twimg.com/media/ChLazjKWYAAJxmK.jpg,6
http://pbs.twimg.com/media/ChItXTrW4AEV3yb.jpg,6
http://pbs.twimg.com/media/ChL6TVAU4AAa0o7.jpg,6
http://pbs.twimg.com/media/ChI7Lc0W0AIv-tk.jpg,6
http://pbs.twimg.com/media/ChIYxliUcAAt4BJ.jpg,6
http://pbs.twimg.com/media/ChLE1H3WYAACZA_.jpg,6
http://pbs.twimg.com/media/ChJJLplUgAEAosJ.jpg,6
http://pbs.twimg.com/ext_tw_video_thumb/725858241872158720/pu/img/VHOx_b9kq3muXtu3.jpg,6
http://pbs.twimg.com/media/ChLDfl4WMAI-3ZB.jpg,6
http://pbs.twimg.com/media/ChIoDtGU4AATNTc.jpg,6
http://pbs.twimg.com/media/ChLEifLWMAAjh9e.jpg,6
http://pbs.twimg.com/media/CTuYHvlUsAALnya.png,6
http://pbs.twimg.com/media/ChEVH29UoAAmDrq.jpg,6
http://pbs.twimg.com/media/ChLGblPUUAAhKUk.jpg,6
http://pbs.twimg.com/media/ChJAwVYWIAA1LQG.jpg,6
http://pbs.twimg.com/media/ChLF7PUUYAEP-V-.jpg,6
http://pbs.twimg.com/media/ChJKlBzW0AAiBN1.jpg,6
http://pbs.twimg.com/media/ChLKIMJXEAEyxf1.jpg,6
http://pbs.twimg.com/media/Cg7M56pU4AIiCyw.jpg,6
http://pbs.twimg.com/media/ChLrMzZUkAIpBRT.jpg,6
http://pbs.twimg.com/media/ChIW6MxWYAIXtRH.jpg,6
http://pbs.twimg.com/media/ChG2qbwWUAIskxA.jpg,6
http://pbs.twimg.com/ext_tw_video_thumb/725448429153976320/pu/img/cdfuzzungzgA7nQ5.jpg,6
http://pbs.twimg.com/media/CgxjOlDUYAAXRKT.jpg,6
http://pbs.twimg.com/media/ChIjp0pUgAIax_V.jpg,6
http://pbs.twimg.com/media/ChL9mMXUYAAkCLK.jpg,6
http://pbs.twimg.com/media/ChKhE5-UcAAUg-w.jpg,6
http://pbs.twimg.com/media/ChIwPyGUYAAUy-K.jpg,6
http://pbs.twimg.com/media/ChLTPl1U4AA9Hqb.jpg,6
http://pbs.twimg.com/media/CeXPXlDVAAAzTfF.jpg,6
http://pbs.twimg.com/media/ChHoyWvW4AAXZhj.jpg,6
http://pbs.twimg.com/media/ChJe5kvW0AApKHZ.jpg,6
http://pbs.twimg.com/media/ChIOSUEU0AAdwzi.jpg,6
http://pbs.twimg.com/media/ChLiAXyUYAAFB8g.jpg,6
http://pbs.twimg.com/media/ChLK9WKWMAAP4nm.jpg,6
http://pbs.twimg.com/media/ChI1soWWYAE9wai.jpg,6
http://pbs.twimg.com/media/BxUMznOCUAAGDsv.jpg,6
http://pbs.twimg.com/media/ChLMIQ9WMAAu-hm.jpg,6
http://pbs.twimg.com/media/ChLEIDZUoAAR3uV.jpg,6
http://pbs.twimg.com/media/Cgh44BSWIAEBwld.jpg,6
http://pbs.twimg.com/media/ChK1PeUU4AARDW-.jpg,6
http://pbs.twimg.com/media/ChLPAqgW4AQw7QT.jpg,6
http://pbs.twimg.com/media/ChLhY8ZWIAA-H8P.jpg,6
http://pbs.twimg.com/media/ChIviLjWIAA3Evc.jpg,6
http://pbs.twimg.com/media/ChIXO_rU0AAzK82.jpg,6
http://pbs.twimg.com/ext_tw_video_thumb/725451819497971712/pu/img/Ct_KQNU5-a9ms33j.jpg,6
http://pbs.twimg.com/media/ChKYFMKWwAQ2KOF.jpg,6
http://pbs.twimg.com/media/ChKZcGaUYAEMM4Z.jpg,6
http://pbs.twimg.com/media/ChFp4-3VEAUmHuC.jpg,6
http://pbs.twimg.com/media/ChKVqN8U8AAaBgD.jpg,6
http://pbs.twimg.com/media/ChHXC0IUgAArU19.jpg,6
http://pbs.twimg.com/ext_tw_video_thumb/725955464521867264/pu/img/GKPPvXAXbZPWCE-s.jpg,6
http://pbs.twimg.com/media/ChMcnimVEAAz_5i.jpg,6
http://pbs.twimg.com/media/ChGad56WIAEFLby.jpg,6
http://pbs.twimg.com/media/ChHpE_zU4AAppd4.jpg,6
http://pbs.twimg.com/media/ChKPq03WYAA47uO.png,6
http://pbs.twimg.com/ext_tw_video_thumb/725629587653300224/pu/img/xjg2lM-z-6qubhHJ.jpg,6
http://pbs.twimg.com/media/ChMAUDxU0AAb6ca.jpg,6
http://pbs.twimg.com/media/ChKVSCUWkAEEoCV.jpg,6
http://pbs.twimg.com/media/ChJ7JGPWUAACof5.jpg,6
http://pbs.twimg.com/media/ChHar0uU0AASG1V.jpg,6
http://pbs.twimg.com/media/ChKDNwAWMAA1SN1.jpg,6
http://pbs.twimg.com/ext_tw_video_thumb/720931222101164032/pu/img/FsW1zcHkdV41qrTJ.jpg,6
http://pbs.twimg.com/media/ChJwsQKXEAQh2jc.jpg,6
http://pbs.twimg.com/media/ChGS2hoXEAEYH4c.jpg,6
http://pbs.twimg.com/media/ChHyDZ2UYAAmtLk.jpg,6
http://pbs.twimg.com/media/ChH1P0AUoAAYnXy.jpg,6
http://pbs.twimg.com/media/ChHgG1hUgAAxGL5.jpg,6
http://pbs.twimg.com/media/Ce7bz8DXIAEnctg.jpg,6
http://pbs.twimg.com/media/ChKK_95W4AAHZO8.jpg,6
http://pbs.twimg.com/media/ChKKJXBWUAAVxV3.jpg,6
http://pbs.twimg.com/media/ChMYga2U4AEj7Oi.jpg,6
http://pbs.twimg.com/media/ChKOlrKUoAAKwnk.jpg,6
http://pbs.twimg.com/media/ChJKZlVWMAIi5sO.jpg,6
http://pbs.twimg.com/media/ChKKcrdWYAA2bQW.jpg,6
http://pbs.twimg.com/media/ChJ4XR8WYAIG0Ym.jpg,6
http://pbs.twimg.com/media/CTs7-IHXIAEMq1s.jpg,6
http://pbs.twimg.com/media/ChMmnByUoAAZIpd.jpg,6
http://pbs.twimg.com/media/ChJ4ql9U0AA3A7l.jpg,6
http://pbs.twimg.com/media/ChMTiFaUUAElK2F.jpg,6
http://pbs.twimg.com/media/ChJucy0UcAAe0lf.jpg,6
http://pbs.twimg.com/media/ChMuIEtW4AAnc8d.jpg,6
http://pbs.twimg.com/media/ChFR5tYU0AExyiS.jpg,6
http://pbs.twimg.com/media/ChJrMk-WIAAZilt.jpg,6
http://pbs.twimg.com/media/ChB-qC-XEAAHGgh.jpg,5
http://pbs.twimg.com/media/Cg4aUOLWgAAGKhk.jpg,5
http://pbs.twimg.com/media/ChKB_FOU4AAQEAk.jpg,5
http://pbs.twimg.com/media/ChJejFiUcAEAMzO.jpg,5
http://pbs.twimg.com/media/ChMGjj7U4AEV_SA.jpg,5
http://pbs.twimg.com/media/ChI29NoWMAA1YlE.jpg,5
http://pbs.twimg.com/media/ChIW4u2W0AAFR73.jpg,5
http://pbs.twimg.com/media/ChI2sfaUYAEQ2Gw.jpg,5
http://pbs.twimg.com/media/ChK9vqGU0AExsPe.jpg,5
http://pbs.twimg.com/media/ChJfPT1WwAAVTug.jpg,5
http://pbs.twimg.com/media/ChB-Yu1UgAA1A2k.jpg,5
http://pbs.twimg.com/media/ChKJ6_oUgAEPRle.jpg,5
http://pbs.twimg.com/media/ChLKhrTWwAA4yKo.jpg,5
http://pbs.twimg.com/media/ChK0g7oU4AAWUi2.jpg,5
http://pbs.twimg.com/media/ChI0aj4UcAAB5__.jpg,5
http://pbs.twimg.com/media/ChKuD-OUYAEkzUZ.jpg,5
http://pbs.twimg.com/media/ChK7Fu1UoAEaKVW.jpg,5
http://pbs.twimg.com/media/ChMFp1qU0AAhrcB.jpg,5
http://pbs.twimg.com/media/ChJccopWkAAa0fx.jpg,5
http://pbs.twimg.com/ext_tw_video_thumb/656285401645240320/pu/img/ejLu5NmY0VJgFGs1.jpg,5
http://pbs.twimg.com/media/ChK8YAqWUAA8pX2.jpg,5
http://pbs.twimg.com/media/ChHrs4HWIAAplxm.jpg,5
http://pbs.twimg.com/media/ChLm0FPVEAAxYqJ.jpg,5
http://pbs.twimg.com/media/ChAHFG3WMAAcR1R.jpg,5
http://pbs.twimg.com/media/ChJ1GwaWgAEnJ56.jpg,5
http://pbs.twimg.com/media/ChLOMAIUgAAEvyp.jpg,5
http://pbs.twimg.com/media/ChKY8eoW0AAOiSL.jpg,5
http://pbs.twimg.com/ext_tw_video_thumb/725810557195063296/pu/img/uc_LjdIgyUjb-hIo.jpg,5
http://pbs.twimg.com/media/ChLf4alW4AAEUBK.jpg,5
http://pbs.twimg.com/media/BjcOIqXIEAA7dke.jpg,5
http://pbs.twimg.com/media/ChJXy8gWwAAXT7F.jpg,5
http://pbs.twimg.com/media/ChIylGQWIAIuzS7.jpg,5
http://pbs.twimg.com/ext_tw_video_thumb/725819503335096320/pu/img/Kc_8mSXGKtbg7vpH.jpg,5
http://pbs.twimg.com/media/ChH0dV2WMAABtaw.jpg,5
http://pbs.twimg.com/media/ChLocbvUgAIir0F.jpg,5
http://pbs.twimg.com/media/ChI0NzKU8AA0U27.jpg,5
http://pbs.twimg.com/media/ChLTS3QU0AASByP.jpg,5
http://pbs.twimg.com/media/ChIqd24U0AEJVbF.jpg,5
http://pbs.twimg.com/media/ChIRCkWUUAANrxm.jpg,5
http://pbs.twimg.com/media/CgbwwPrUkAAwmuJ.jpg,5
http://pbs.twimg.com/media/ChLJI7sVEAA6lL8.jpg,5
http://pbs.twimg.com/media/ChKsgnqW0AAPxWm.jpg,5
http://pbs.twimg.com/media/ChGS10xWYAAmanB.jpg,5
http://pbs.twimg.com/media/ChJOzAMXEAAoshH.jpg,5
http://pbs.twimg.com/media/ChLn4X5U8AIc4fl.jpg,5
http://pbs.twimg.com/media/ChJgNYVW4AAnmfs.jpg,5
http://pbs.twimg.com/media/ChIWl-7UcAARU7f.jpg,5
http://pbs.twimg.com/media/ChIVwCBU4AAba1l.jpg,5
http://pbs.twimg.com/media/ChIAIrzU0AAT3gs.png,5
http://pbs.twimg.com/media/ChIoKZeUUAAA0K6.jpg,5
http://pbs.twimg.com/media/CUYBajUWEAAnIHo.jpg,5
http://pbs.twimg.com/media/ChKWJ4BWkAAlVRr.jpg,5
http://pbs.twimg.com/media/ChMjiheWkAEn-fv.jpg,5
http://pbs.twimg.com/ext_tw_video_thumb/697117962965155840/pu/img/kOEFDkeY38H6EIWj.jpg,5
http://pbs.twimg.com/media/Cg5vjFPW4AEWZxl.jpg,5
http://pbs.twimg.com/ext_tw_video_thumb/664710947232022529/pu/img/RaD-DRFq-LZE3RCd.jpg,5
http://pbs.twimg.com/media/ChJJUbXW0AAvt9C.jpg,5
http://pbs.twimg.com/media/ChLFE0zW0AAPsaD.jpg,5
http://pbs.twimg.com/media/ChHtO5LWUAAnpHP.jpg,5
http://pbs.twimg.com/media/ChIXHA5VEAA4AL1.jpg,5
http://pbs.twimg.com/media/ChJ3dSRXEAAX-iI.jpg,5
http://pbs.twimg.com/ext_tw_video_thumb/725951805331378177/pu/img/sgCdXcqVyEYB00qn.jpg,5
http://pbs.twimg.com/media/ChFKdemU8AA2koj.jpg,5
http://pbs.twimg.com/media/ChJdY_wW0AAd6j5.jpg,5
http://pbs.twimg.com/media/ChJdJKzWYAIz0OE.jpg,5
http://pbs.twimg.com/media/ChIoBnsUYAAu2Bb.jpg,5
http://pbs.twimg.com/media/ChK3--JU4AEe1VS.jpg,5
http://pbs.twimg.com/media/ChKvlKEXEAEtINL.jpg,5
http://pbs.twimg.com/media/ChMa7uuWIAA-GaD.jpg,5
http://pbs.twimg.com/media/ChMCcWDUgAAaYW4.jpg,5
http://pbs.twimg.com/media/ChIl9qHUoAAyqnf.jpg,5
http://pbs.twimg.com/media/ChLD8enU8AYR8pE.jpg,5
http://pbs.twimg.com/media/ChLkKf-WgAEFlNp.jpg,5
http://pbs.twimg.com/media/ChLEXZwW0AI89Mn.png,5
http://pbs.twimg.com/media/ChEHGxeUUAAGNCm.jpg,5
http://pbs.twimg.com/media/ChIWSIbU8AAIbpU.jpg,5
http://pbs.twimg.com/media/ChLA_DAXEAEROz8.jpg,5
http://pbs.twimg.com/media/Cc74ytyUAAA_bwZ.jpg,5
http://pbs.twimg.com/media/ChMBrdBUYAEMmKa.jpg,5
http://pbs.twimg.com/media/ChJF0PZU0AAjL4d.jpg,5
http://pbs.twimg.com/media/ChK7RjnWIAAMU2e.jpg,5
http://pbs.twimg.com/media/Ce4nGOeUMAAch7Y.jpg,5
http://pbs.twimg.com/media/BltsjihIcAAkiof.jpg,5
http://pbs.twimg.com/ext_tw_video_thumb/725795299122397184/pu/img/Xeol2JScEhwqYJYu.jpg,5
http://pbs.twimg.com/media/ChIcXbeWIAQvxIa.jpg,5
http://pbs.twimg.com/media/ChLIky-UUAAQ5Fe.jpg,5
http://pbs.twimg.com/media/ChLGvlBWkAAqp2L.jpg,5
http://pbs.twimg.com/media/ChEJb_NW0AAtpjO.jpg,5
http://pbs.twimg.com/media/ChJHqArWIAkqVwL.jpg,5
http://pbs.twimg.com/media/ChKVs2BWgAAMvWz.jpg,5
http://pbs.twimg.com/media/ChJVyRaUoAENdmW.jpg,5
http://pbs.twimg.com/media/ChJtoo9UgAATBWE.jpg,5
http://pbs.twimg.com/media/ChK-ER5U4AEa2ps.jpg,5
http://pbs.twimg.com/media/ChJWhSOUYAEewqz.jpg,5
http://pbs.twimg.com/media/ChK_ym0WkAA7Lox.jpg,5
http://pbs.twimg.com/media/ChHvPE-WYAA_2nk.jpg,5
http://pbs.twimg.com/media/ChJArafWwAEYB8l.png,5
http://pbs.twimg.com/media/ChJ2CGVW0AU7I_-.jpg,5
http://pbs.twimg.com/media/ChKMSlxU4AAIrG5.jpg,5
http://pbs.twimg.com/media/ChKHzG-WkAE9qWF.jpg,5
http://pbs.twimg.com/media/ChKSn6BWgAAbln0.jpg,5
http://pbs.twimg.com/ext_tw_video_thumb/612749644137758720/pu/img/d_jdiFokTQjirniY.jpg,5
http://pbs.twimg.com/media/ChIt30XWIAA7KMX.jpg,5
http://pbs.twimg.com/media/ChIq6NiVEAEoiHU.jpg,5
http://pbs.twimg.com/media/Cg8clmMWUAAw6Zh.jpg,5
http://pbs.twimg.com/media/ChGvGu0W4AAeDCx.jpg,5
http://pbs.twimg.com/media/CglbQ9xW0AAklOT.png,5
http://pbs.twimg.com/media/ChMe8p-UUAAxVA3.jpg,5
http://pbs.twimg.com/media/ChHuYV6WkAECrNi.jpg,5
http://pbs.twimg.com/media/ChHXUDBXEAAi36a.jpg,5
http://pbs.twimg.com/media/ChIwENnU8AAZc4f.jpg,5
http://pbs.twimg.com/media/ChLpaL3U0AI-4_k.jpg,5
http://pbs.twimg.com/media/ChBeTKQUYAAwigL.jpg,5
http://pbs.twimg.com/media/ChHgd_AWMAAnswo.jpg,5
http://pbs.twimg.com/media/ChJiMbcWUAEmrAc.jpg,5
http://pbs.twimg.com/media/ChJiQbPWIAErK4f.jpg,5
http://pbs.twimg.com/media/ChKOqBuUoAAExei.jpg,5
http://pbs.twimg.com/media/ChKpZXwVEAASxoW.jpg,5
http://pbs.twimg.com/media/ChF9jqfUoAAoI23.jpg,5
http://pbs.twimg.com/media/ChHSM3KU8AA2UKS.jpg,5
http://pbs.twimg.com/media/ChLarO1UYAA4IXY.jpg,5
http://pbs.twimg.com/media/ChMIz67UkAAp0bl.jpg,5
http://pbs.twimg.com/media/ChLbdTqU0AArkix.jpg,5
http://pbs.twimg.com/media/ChJP3c0U4AEltCc.jpg,5
http://pbs.twimg.com/media/Cgot90DU8AA3sZL.jpg,5
http://pbs.twimg.com/media/CfFNLVRUsAAHZjP.jpg,5
http://pbs.twimg.com/media/ChHpHukU8AAWsec.jpg,5
http://pbs.twimg.com/media/ChLaciPWwAE3nau.jpg,5
http://pbs.twimg.com/media/ChIr-LSU0AAhuUz.jpg,5
http://pbs.twimg.com/media/Cg8ccqiWIAA1xai.jpg,5
http://pbs.twimg.com/media/ChIuW9LWwAA426g.jpg,5
http://pbs.twimg.com/media/CeQ6MMjXIAAzLW_.jpg,5
http://pbs.twimg.com/ext_tw_video_thumb/725684095313960960/pu/img/vsUaKVCK663VMVN0.jpg,5
http://pbs.twimg.com/media/ChIr_XOWMAAXbHg.jpg,5
http://pbs.twimg.com/media/ChIt4gsU0AA0gwk.jpg,5
http://pbs.twimg.com/media/ChMIk_aVEAUjaj4.jpg,5
http://pbs.twimg.com/media/ChKSCnwWIAU8k2g.jpg,5
http://pbs.twimg.com/media/ChDmXiPWUAAduM6.jpg,5
http://pbs.twimg.com/media/ChIkLsBWIAMSMg1.jpg,5
http://pbs.twimg.com/media/ChJ_ye5U0AAI5DZ.jpg,5
http://pbs.twimg.com/media/ChIPPJSWYAAJ-mx.jpg,5
http://pbs.twimg.com/media/Cg5uE-rWIAAgP4O.jpg,5
http://pbs.twimg.com/media/ChLQy3YWIAAckxM.jpg,5
http://pbs.twimg.com/media/ChLsvNLUoAEX0PD.jpg,5
http://pbs.twimg.com/media/CbCFFK9WIAAdI7i.jpg,5
http://pbs.twimg.com/media/ChIxsvSUgAA1tvz.jpg,5
http://pbs.twimg.com/media/ChIcDRqXEAEaWaO.jpg,5
http://pbs.twimg.com/media/ChMILsIUgAE73DA.jpg,5
http://pbs.twimg.com/media/ChCftAbUkAAIyUY.jpg,5
http://pbs.twimg.com/media/ChHjhLwW0AEMgcp.jpg,5
http://pbs.twimg.com/media/ChIyaGRVEAY-NdE.jpg,5
http://pbs.twimg.com/media/ChIq-zJWIAAfIIZ.jpg,5
http://pbs.twimg.com/media/ChHq3kiWUAE1x2j.jpg,5
http://pbs.twimg.com/media/ChHlItJUcAArrp-.jpg,5
http://pbs.twimg.com/media/ChLua1LU0AAi3Ru.jpg,5
http://pbs.twimg.com/media/ChKWtzEW0AAK5-r.jpg,4
http://pbs.twimg.com/ext_tw_video_thumb/654345564906213376/pu/img/e6y6SxgVPBq9GD1y.jpg,4
http://pbs.twimg.com/media/ChMT5I9UkAEeOOF.png,4
http://pbs.twimg.com/media/ChLrTuHUYAEf3yo.jpg,4
http://pbs.twimg.com/media/CfYbNwlXIAAMIaq.jpg,4
http://pbs.twimg.com/media/CfmD9bGWEAAVawG.jpg,4
http://pbs.twimg.com/media/ChHkyEIUkAAyMj4.jpg,4
http://pbs.twimg.com/media/Ca_nPe0UMAAhPVg.jpg,4
http://pbs.twimg.com/media/ChJ5PfEWkAQrvxb.jpg,4
http://pbs.twimg.com/media/ChInk_AWMAI2a6f.jpg,4
http://pbs.twimg.com/media/ChMhOqSUoAAA18-.jpg,4
http://pbs.twimg.com/media/ChLYrwUUUAA3RzI.jpg,4
http://pbs.twimg.com/media/ChImdxfUgAAH8qG.jpg,4
http://pbs.twimg.com/ext_tw_video_thumb/725380227862425600/pu/img/cs7gWBDkHUarOEkf.jpg,4
http://pbs.twimg.com/media/ChJKZm2WgAE9LkV.jpg,4
http://pbs.twimg.com/media/CgxYQ8nUgAAh55t.jpg,4
http://pbs.twimg.com/media/Cg-vb_ZWgAEZiHF.jpg,4
http://pbs.twimg.com/media/ChLMftfWYAAKoTQ.jpg,4
http://pbs.twimg.com/media/ChJ5-vAW0AAkMh9.jpg,4
http://pbs.twimg.com/media/ChMh1LAWYAAZuHX.jpg,4
http://pbs.twimg.com/media/ChIazVpUkAINPl8.jpg,4
http://pbs.twimg.com/media/ChK9uuBUUAEa60_.jpg,4
http://pbs.twimg.com/media/ChLDqh9WkAATWKT.jpg,4
http://pbs.twimg.com/media/CfpMsusUAAQmruw.jpg,4
http://pbs.twimg.com/media/CgAkOlhXEAAA3Sb.jpg,4
http://pbs.twimg.com/media/ChDh2HwWMAQi8hB.jpg,4
http://pbs.twimg.com/media/ChK_j3AVEAA1Qw2.jpg,4
http://pbs.twimg.com/media/ChLD5_NWwAAHdxP.jpg,4
http://pbs.twimg.com/media/ChIoGe0W0AAQlRK.jpg,4
http://pbs.twimg.com/media/ChFeLr6VEAAl2YJ.jpg,4
http://pbs.twimg.com/media/ChKQ3fBW4AAOgHN.jpg,4
http://pbs.twimg.com/media/ChKSMNXUUAAZAEy.jpg,4
http://pbs.twimg.com/media/ChLD8LSWMAApUaf.jpg,4
http://pbs.twimg.com/media/ChKDD5vWIAE2C6A.jpg,4
http://pbs.twimg.com/media/ChGAMOHUYAA7WSx.jpg,4
http://pbs.twimg.com/media/ChK-tcvUcAAGqHA.jpg,4
http://pbs.twimg.com/media/ChIsH2RW0AAfTZP.jpg,4
http://pbs.twimg.com/media/ChI_ONJWMAAWLsU.jpg,4
http://pbs.twimg.com/media/ChElzN3U8AEsYRz.jpg,4
http://pbs.twimg.com/media/Cew1lkuWsAIrWVh.jpg,4
http://pbs.twimg.com/media/ChHVpCBUUAIXu2U.jpg,4
http://pbs.twimg.com/media/ChEc-sAU4AAHn8g.jpg,4
http://pbs.twimg.com/media/ChH46anUUAAXQFS.jpg,4
http://pbs.twimg.com/media/ChK0h-OUgAEJCsZ.jpg,4
http://pbs.twimg.com/media/COUPhifWUAECO1e.jpg,4
http://pbs.twimg.com/media/ChJKPWyU4AEK25V.jpg,4
http://pbs.twimg.com/media/ChLRHjLUYAAkdqY.jpg,4
http://pbs.twimg.com/ext_tw_video_thumb/725658327523442688/pu/img/3qgVZdC6OLjwCiHp.jpg,4
http://pbs.twimg.com/media/ChK26DAUkAAToh8.jpg,4
http://pbs.twimg.com/media/ChKo4hgW4AE7fS4.jpg,4
http://pbs.twimg.com/media/CfR5ZV2XEAACz2X.jpg,4
http://pbs.twimg.com/media/ChH4p5GW0AAiTzo.jpg,4
http://pbs.twimg.com/media/ChGsZNAUYAQUycg.jpg,4
http://pbs.twimg.com/media/ChMqzqnWMAAB5M-.jpg,4
http://pbs.twimg.com/ext_tw_video_thumb/725023595580157957/pu/img/TMsOZFUSqft1Ab4Z.jpg,4
http://pbs.twimg.com/media/Cg8lD3LWUAAPk-E.jpg,4
http://pbs.twimg.com/media/ChIX_liWMAAi04J.jpg,4
http://pbs.twimg.com/media/CbSLkNgXIAEejWz.jpg,4
http://pbs.twimg.com/media/ChJHsJ2WkAADchY.jpg,4
http://pbs.twimg.com/media/Cg6RpsbW4AA248H.jpg,4
http://pbs.twimg.com/media/ChLY8-8U4AAQsxj.jpg,4
http://pbs.twimg.com/media/ChEQ3Y0W4AA1mtC.jpg,4
http://pbs.twimg.com/media/ChLYp5CWYAUG2fE.jpg,4
http://pbs.twimg.com/media/ChMTTTQU8AA8i3T.jpg,4
http://pbs.twimg.com/media/ChJ5RVYWUAIrhll.jpg,4
http://pbs.twimg.com/media/ChIsD15UkAEgN_q.jpg,4
http://pbs.twimg.com/media/ChLzkx2U4AAM3-m.jpg,4
http://pbs.twimg.com/media/ChIp57BW0AAAulz.jpg,4
http://pbs.twimg.com/media/ChKXC8jUUAAtnE0.jpg,4
http://pbs.twimg.com/media/ChIbuRHW0AEoO3n.jpg,4
http://pbs.twimg.com/media/Cg-z4y7WMAA-ESp.jpg,4
http://pbs.twimg.com/media/ChIMSJPW4AANktN.jpg,4
http://pbs.twimg.com/media/ChDXMynU0AEtwnC.jpg,4
http://pbs.twimg.com/ext_tw_video_thumb/725900289601982469/pu/img/Oc3yH7cvRhBpqcoO.jpg,4
http://pbs.twimg.com/media/ChI9S6ZUcAErp7I.jpg,4
http://pbs.twimg.com/media/ChKPx_BWkAECrDY.jpg,4
http://pbs.twimg.com/media/ChIpfj7VEAAMIT_.jpg,4
http://pbs.twimg.com/media/ChLS1K_WMAEFCUu.jpg,4
http://pbs.twimg.com/media/ChKJH8lUcAEEAzn.jpg,4
http://pbs.twimg.com/media/Cg1oUPdWMAEeJZn.jpg,4
http://pbs.twimg.com/media/ChIkuVzUcAMu1hS.jpg,4
http://pbs.twimg.com/media/ChIrGmKWwAEGx9h.jpg,4
http://pbs.twimg.com/media/ChKMeT9W0AAZQRv.jpg,4
http://pbs.twimg.com/media/ChLuI8RU8AEY8ZJ.jpg,4
http://pbs.twimg.com/media/ChMTNncU4AIzA4W.jpg,4
http://pbs.twimg.com/ext_tw_video_thumb/721081980981411840/pu/img/8aPEvniob4xRkdGX.jpg,4
http://pbs.twimg.com/media/ChLSNp-UkAA8CNP.jpg,4
http://pbs.twimg.com/media/ChJe_nxU8AASEM7.jpg,4
http://pbs.twimg.com/ext_tw_video_thumb/725896128416227328/pu/img/rjYEexmgMKGCAK-M.jpg,4
http://pbs.twimg.com/media/ChIrJEGUkAAjDHe.jpg,4
http://pbs.twimg.com/media/ChKOtfhWkAE4K7D.png,4
http://pbs.twimg.com/media/ChJOrAFWIAAbhIU.jpg,4
http://pbs.twimg.com/media/ChKN14rWYAAWYK_.jpg,4
http://pbs.twimg.com/media/Cg8bYvwWIAALvSS.jpg,4
http://pbs.twimg.com/media/ChLUIEkWMAIe7OF.jpg,4
http://pbs.twimg.com/media/ChKUx_bUYAESscJ.jpg,4
http://pbs.twimg.com/media/ChHUzRGW0AAdj6U.jpg,4
http://pbs.twimg.com/media/ChLLou1UgAAozPY.jpg,4
http://pbs.twimg.com/media/ChMLceOU0AE9UC8.jpg,4
http://pbs.twimg.com/media/ChIxVjTW4AASQ2C.jpg,4
http://pbs.twimg.com/media/ChE1O_gWwAA2NR6.jpg,4
http://pbs.twimg.com/media/ChIxVMSWkAAtXo-.jpg,4
http://pbs.twimg.com/media/Cblk_ZrUEAAhh-q.jpg,4
http://pbs.twimg.com/media/ChLr8xDUkAITe6-.jpg,4
http://pbs.twimg.com/media/ChLI81oWwAELWtV.jpg,4
http://pbs.twimg.com/media/ChK15HFUUAEzxRk.jpg,4
http://pbs.twimg.com/media/ChKH7i9VEAAf59i.jpg,4
http://pbs.twimg.com/media/ChHwd-sU4AAcYH7.jpg,4
http://pbs.twimg.com/media/ChJnEKeXEAAKaF-.jpg,4
http://pbs.twimg.com/media/Cg_-xGIWYAMekJz.jpg,4
http://pbs.twimg.com/media/ChIwolaU4AEw_ss.jpg,4
http://pbs.twimg.com/media/ChJ5E4OWgAEli2A.jpg,4
http://pbs.twimg.com/media/ChJum3OXEAQJvse.jpg,4
http://pbs.twimg.com/ext_tw_video_thumb/725636305204322304/pu/img/ASlOhcI-fijWdBTw.jpg,4
http://pbs.twimg.com/media/CeEA_6aW4AAUeg5.jpg,4
http://pbs.twimg.com/media/Ce8DQG-WsAAt_dG.jpg,4
http://pbs.twimg.com/ext_tw_video_thumb/704215807241289728/pu/img/rc_ZpeRINpTB1eIS.jpg,4
http://pbs.twimg.com/ext_tw_video_thumb/601547367003860992/pu/img/yxL0rYBhxQ8SHoc-.jpg,4
http://pbs.twimg.com/media/ChJ_tdoWwAA3449.jpg,4
http://pbs.twimg.com/media/ChGQkhLWwAE7FXf.jpg,4
http://pbs.twimg.com/media/ChIvOymU0AIEf1j.jpg,4
http://pbs.twimg.com/media/ChGliZpWYAAy2kN.jpg,4
http://pbs.twimg.com/media/ChLh1P9W4AAoWoP.jpg,4
http://pbs.twimg.com/media/ChGt749UYAEmnPI.jpg,4
http://pbs.twimg.com/media/CTUfMEpUsAA0svP.jpg,4
http://pbs.twimg.com/media/ChJHormUgAA5NcS.jpg,4
http://pbs.twimg.com/media/ChIvTI1UUAAS8IF.jpg,4
http://pbs.twimg.com/media/B9vfFdyIgAIR-GF.jpg,4
http://pbs.twimg.com/media/CNTXmY-WUAAiUIN.jpg,4
http://pbs.twimg.com/media/ChJ6r4vWIAA5nlc.jpg,4
http://pbs.twimg.com/media/ChKV3ZxUoAAFrCl.jpg,4
http://pbs.twimg.com/media/ChLDoc6WUAAe0wb.jpg,4
http://pbs.twimg.com/media/ChHxbbWW0AAkw9O.jpg,4
http://pbs.twimg.com/media/ChIqaBiWUAAfud5.jpg,4
http://pbs.twimg.com/media/ChLEyUTW0AA7oBY.jpg,4
http://pbs.twimg.com/media/ChLWBmKUkAAnj26.jpg,4
http://pbs.twimg.com/media/ChIoLWyWYAAPaRY.jpg,4
http://pbs.twimg.com/media/ChLEkGpU8AAC8If.jpg,4
http://pbs.twimg.com/media/ChK34ChUUAEUf8M.jpg,4
http://pbs.twimg.com/media/ChJ6xr8WkAEelsG.jpg,4
http://pbs.twimg.com/media/ChLe8vCUUAA8_YE.jpg,4
http://pbs.twimg.com/media/CJQnIvIUkAAYnkT.jpg,4
http://pbs.twimg.com/media/ChMerkaWIAI1j9s.jpg,4
http://pbs.twimg.com/media/ChLZpE6U8AAHhir.jpg,4
http://pbs.twimg.com/media/ChLvQSNVEAEh9Z4.jpg,4
http://pbs.twimg.com/media/ChJDeIFWMAEG7fE.jpg,4
http://pbs.twimg.com/media/ChLUnxcU8AAAddh.jpg,4
http://pbs.twimg.com/media/ChLwyjgVEAE1CY9.jpg,4
http://pbs.twimg.com/media/ChJFZoDWUAAv19L.jpg,4
http://pbs.twimg.com/media/ChLvOUqU4AQ7_H0.jpg,4
http://pbs.twimg.com/media/ChL1o3xUoAAJ3wO.jpg,4
http://pbs.twimg.com/ext_tw_video_thumb/725958325666344965/pu/img/foAz4xak460pRTI1.jpg,4
http://pbs.twimg.com/media/ChIJ6bVUUAAIcbH.jpg,4
http://pbs.twimg.com/media/ChGwsBNW0AEVSwn.jpg,4
http://pbs.twimg.com/media/ChHOzg5W0AAbPT4.jpg,4
http://pbs.twimg.com/media/ChHB18DWUAANEG8.jpg,4
http://pbs.twimg.com/media/ChLE41HWYAASyxr.jpg,4
http://pbs.twimg.com/media/ChLHVxuUgAAdsRl.jpg,4
http://pbs.twimg.com/media/ChLHVjxWwAASvrW.jpg,4
http://pbs.twimg.com/media/ChKV4b_UUAEpCWo.jpg,4
http://pbs.twimg.com/media/ChLEehLWIAELELY.jpg,4
http://pbs.twimg.com/media/Cg5z69ZU4AAsnTn.jpg,4
http://pbs.twimg.com/media/ChJGgNgWIAAaNBF.jpg,4
http://pbs.twimg.com/media/ChKXn5YUcAAk6gZ.jpg,4
http://pbs.twimg.com/media/ChJpFkXU4AAwM-w.jpg,4
http://pbs.twimg.com/media/ChKujI5WkAAjjsG.jpg,4
http://pbs.twimg.com/media/ChIWzBmUoAANNgL.jpg,4
http://pbs.twimg.com/media/ChKYtGMWkAAMXp9.jpg,4
http://pbs.twimg.com/media/ChKbnR7U4AAsRmQ.jpg,4
http://pbs.twimg.com/media/ChELlCVWMAA5Whp.jpg,4
http://pbs.twimg.com/media/ChEDrpAU8AAangx.jpg,4
http://pbs.twimg.com/media/ChHZubcUYAEven7.jpg,4
http://pbs.twimg.com/media/ChJi1nOWMAAKjkV.jpg,4
http://pbs.twimg.com/media/ChJPVy6WIAAmpw_.jpg,4
http://pbs.twimg.com/media/ChJc-K1VEAAV8yy.jpg,4
http://pbs.twimg.com/media/ChJ3xC6WMAUj_ci.jpg,4
http://pbs.twimg.com/media/ChKb7XyWkAEhENn.jpg,4
http://pbs.twimg.com/media/ChJgcTtWYAA0o_a.jpg,4
http://pbs.twimg.com/media/ChMAR1GUkAApkYx.jpg,4
http://pbs.twimg.com/media/ChJxoB_XEAAL8kw.jpg,4
http://pbs.twimg.com/media/CgWgIpaWEAAy2tA.jpg,4
http://pbs.twimg.com/media/ChHMie2WwAAqALI.jpg,4
http://pbs.twimg.com/media/CWNbG8kWEAA7tCS.png,4
http://pbs.twimg.com/media/ChIWGj2UUAA3_Dk.jpg,4
http://pbs.twimg.com/media/Ce88yOBUYAAK__1.jpg,4
http://pbs.twimg.com/media/ChJ1XmnU8AAmqQ_.jpg,4
http://pbs.twimg.com/media/ChIWcmUU0AExD3z.jpg,4
http://pbs.twimg.com/media/ChG3eAOWUAElu4Y.jpg,4
http://pbs.twimg.com/media/ChJlNfpWUAE7S6e.jpg,4
http://pbs.twimg.com/media/ChJerbNUgAAg2iJ.jpg,4
http://pbs.twimg.com/media/ChJtbdaWgAAR2H9.jpg,4
http://pbs.twimg.com/media/ChJsu4nUcAAo7aO.jpg,4
http://pbs.twimg.com/media/ChIWGcNUcAAyg8S.jpg,4
http://pbs.twimg.com/ext_tw_video_thumb/725746727693746176/pu/img/A1EksVMGjZpKf6jc.jpg,4
http://pbs.twimg.com/media/ChME8acU4AAqHha.jpg,4
http://pbs.twimg.com/media/ChMozBNWkAAdO-X.jpg,4
http://pbs.twimg.com/media/ChJjfC7UUAAnAZs.jpg,4
http://pbs.twimg.com/media/ChKYQCAWMAAkDqX.png,4
http://pbs.twimg.com/media/ChJexzmVEAAuZTV.jpg,4
http://pbs.twimg.com/media/ChIEBUzWkAIaa8m.jpg,4
http://pbs.twimg.com/media/ChG40l2U8AAa88B.jpg,4
http://pbs.twimg.com/media/ChJ1YLIUYAAjr9m.jpg,4
http://pbs.twimg.com/media/ChKXkSFU0AAzhEp.jpg,4
http://pbs.twimg.com/media/CZvxfDzWcAAJuID.png,4
http://pbs.twimg.com/media/Cg8E6ZOU8AADR7X.jpg,4
http://pbs.twimg.com/media/ChD0V8TWIAEfQt7.jpg,4
http://pbs.twimg.com/media/ChIIsVzU0AA__cO.jpg,4
http://pbs.twimg.com/media/ChKvLW-W4AAtC8e.jpg,4
http://pbs.twimg.com/media/ChJkBtvUgAAreNU.jpg,4
http://pbs.twimg.com/media/ChJQ3KKUcAAFRC_.jpg,4
http://pbs.twimg.com/media/ChHVQS8U8AA8iuG.jpg,4
http://pbs.twimg.com/media/ChKYbLBUoAEKyYH.jpg,4
http://pbs.twimg.com/media/Cfysh2BXEAAltX2.jpg,4
http://pbs.twimg.com/media/ChJcW-LWMAAyjRK.jpg,4
http://pbs.twimg.com/media/ChL-MVYUgAA77WQ.jpg,4
http://pbs.twimg.com/ext_tw_video_thumb/661582908231143428/pu/img/ITTTynEDYvYXwrWb.jpg,4
http://pbs.twimg.com/media/ChFIlO1UoAAIo1A.jpg,4
http://pbs.twimg.com/media/ChKrWIgWUAA__j7.jpg,4
http://pbs.twimg.com/media/ChK7QDEWIAAD0Xf.jpg,4
http://pbs.twimg.com/media/ChHrM7YW4AArKrt.jpg,4
http://pbs.twimg.com/media/ChKjp_1WYAQdfY4.jpg,4
http://pbs.twimg.com/media/ChLfLraUYAAstLX.jpg,4
http://pbs.twimg.com/media/ChJnxyhUYAE_270.jpg,4
http://pbs.twimg.com/media/ChKp7fUW4AAWE9f.jpg,4
http://pbs.twimg.com/media/ChI1-6XXEAAUOdG.jpg,3
http://pbs.twimg.com/media/ChKYkF5UcAAAdbj.jpg,3
http://pbs.twimg.com/media/ChMe3P-VEAEPJNX.jpg,3
http://pbs.twimg.com/media/ChJjC1LWgAQBdLG.jpg,3
http://pbs.twimg.com/media/ChIqVbXU4AExWRA.jpg,3
http://pbs.twimg.com/media/ChAjmwXUcAADm9h.jpg,3
http://pbs.twimg.com/media/ChKSi3FUgAAq_AG.jpg,3
http://pbs.twimg.com/media/CgiARSCWsAAPYrq.jpg,3
http://pbs.twimg.com/media/CN6n5rtWwAEh3Dz.jpg,3
http://pbs.twimg.com/media/ChKOL9wWgAAzjfO.png,3
http://pbs.twimg.com/media/ChI2QUZWwAAREvf.jpg,3
http://pbs.twimg.com/media/ChIdr_rW4AAQvTt.jpg,3
http://pbs.twimg.com/media/ChEH3oDW0AEEzoc.jpg,3
http://pbs.twimg.com/media/CgBFRXgUUAAZC7W.png,3
http://pbs.twimg.com/media/ChIqNUlUcAEIQeD.jpg,3
http://pbs.twimg.com/media/ChKSd6IWYAAxVcG.jpg,3
http://pbs.twimg.com/media/ChLTPSvWMAAwQ1c.jpg,3
http://pbs.twimg.com/media/ChKJnPuWMAAB7cE.jpg,3
http://pbs.twimg.com/media/ChJN7T0WYAM_eOJ.jpg,3
http://pbs.twimg.com/media/ChKUhyZXEAE8HhL.jpg,3
http://pbs.twimg.com/media/ChKMhj_WkAAQTY4.jpg,3
http://pbs.twimg.com/media/ChKUehRWYAA-z_C.jpg,3
http://pbs.twimg.com/media/ChMkCE8UkAEA6bS.jpg,3
http://pbs.twimg.com/media/ChJfStYXEAAJTUO.jpg,3
http://pbs.twimg.com/media/ChIH7c0WUAAa8BZ.jpg,3
http://pbs.twimg.com/media/Cg7YNanWIAAI4V1.jpg,3
http://pbs.twimg.com/media/ChIDq_VW4AAKmis.jpg,3
http://pbs.twimg.com/media/ChDqtNuWkAAK2-g.jpg,3
http://pbs.twimg.com/media/ChIN1QhWgAE20NR.jpg,3
http://pbs.twimg.com/media/A6_LxFoCUAAb2bn.jpg,3
http://pbs.twimg.com/media/ChIxRyLWkAI_Moa.jpg,3
http://pbs.twimg.com/media/ChLKbr0WUAA_BRl.jpg,3
http://pbs.twimg.com/media/ChJhxiHWwAErJXi.jpg,3
http://pbs.twimg.com/media/ChJ0atpUkAAPqsU.jpg,3
http://pbs.twimg.com/media/Cg9zUc5WYAAM3Ck.jpg,3
http://pbs.twimg.com/media/ChLTSKjWgAELS_Q.jpg,3
http://pbs.twimg.com/media/ChI11eDW0AANi8H.jpg,3
http://pbs.twimg.com/media/ChJfIWKXEAAmk91.jpg,3
http://pbs.twimg.com/media/ChHyeN5WkAAj5R3.jpg,3
http://pbs.twimg.com/ext_tw_video_thumb/664815785580171264/pu/img/9UZrGZoVc1zaCQr1.jpg,3
http://pbs.twimg.com/media/ChHwvN6WUAEuQe-.jpg,3
http://pbs.twimg.com/media/ChIvOncU8AIEz5G.jpg,3
http://pbs.twimg.com/media/ChMboPaUkAARWtN.jpg,3
http://pbs.twimg.com/media/ChKOlFHWMAAm2Nj.jpg,3
http://pbs.twimg.com/ext_tw_video_thumb/725794082560188417/pu/img/lqL9HxtmpGCWP6lC.jpg,3
http://pbs.twimg.com/media/ChLowgtUcAA2S3x.jpg,3
http://pbs.twimg.com/media/ChHfKi7WgAEbKzk.jpg,3
http://pbs.twimg.com/ext_tw_video_thumb/725663281281527808/pu/img/3NFvZRcpY0PNTe7O.jpg,3
http://pbs.twimg.com/media/ChFsKvfUkAAlSSP.jpg,3
http://pbs.twimg.com/media/ChAxf0EUoAACEUT.jpg,3
http://pbs.twimg.com/media/ChIAPobWIAAFJOP.jpg,3
http://pbs.twimg.com/media/ChMrp-bWgAEIIyI.jpg,3
http://pbs.twimg.com/media/ChIudGoWgAAwCEf.png,3
http://pbs.twimg.com/media/ChFNFJuW0AEPOHN.jpg,3
http://pbs.twimg.com/media/ChHpap8WwAAwmFQ.jpg,3
http://pbs.twimg.com/media/ChJezAxXEAAoVMb.png,3
http://pbs.twimg.com/media/ChJxjvnW4AA7_Sm.jpg,3
http://pbs.twimg.com/media/ChEvCqhXEAQ42k3.jpg,3
http://pbs.twimg.com/media/COeQn28UYAEajoQ.jpg,3
http://pbs.twimg.com/media/ChICRz8WMAANngn.jpg,3
http://pbs.twimg.com/media/ChIrFIGWMAAK8ta.jpg,3
http://pbs.twimg.com/media/ChJev-SWUAEPuaV.jpg,3
http://pbs.twimg.com/media/ChH06BAWIAAiUSh.jpg,3
http://pbs.twimg.com/media/ChL1aHYUcAEB4VA.jpg,3
http://pbs.twimg.com/media/CZOtHuZWkAAAufG.jpg,3
http://pbs.twimg.com/media/ChH4BBhWYAAwsB5.jpg,3
http://pbs.twimg.com/media/ChMrXuVWkAEBm46.jpg,3
http://pbs.twimg.com/media/ChJDrk1WMAEF4Th.jpg,3
http://pbs.twimg.com/media/ChLb53lWUAEWRKK.jpg,3
http://pbs.twimg.com/media/ChD6IpHUYAA27Ww.jpg,3
http://pbs.twimg.com/media/ChJXeh8WYAAT2qw.jpg,3
http://pbs.twimg.com/media/CgVFcQKXIAAvOLy.jpg,3
http://pbs.twimg.com/media/ChC6tD2UkAAjwg_.jpg,3
http://pbs.twimg.com/media/ChLJbJhWwAAU-4u.png,3
http://pbs.twimg.com/media/CN1QOvpVAAAi_Tn.jpg,3
http://pbs.twimg.com/media/ChHxo5NU0AAFpfu.jpg,3
http://pbs.twimg.com/media/ChJe7BRWUAAAAgt.jpg,3
http://pbs.twimg.com/media/ChIrelvWIAAjKas.jpg,3
http://pbs.twimg.com/ext_tw_video_thumb/689506266142535680/pu/img/Ji-3MU-BBffJDye_.jpg,3
http://pbs.twimg.com/media/ChKbo_xW4AEVv-Y.jpg,3
http://pbs.twimg.com/media/ChHyuqoUkAAnEb8.jpg,3
http://pbs.twimg.com/media/ChLIyHYW0AIf83j.jpg,3
http://pbs.twimg.com/media/ChJ9iayUcAAHuvX.jpg,3
http://pbs.twimg.com/media/ChLpeZ2U4AAN4VZ.jpg,3
http://pbs.twimg.com/media/ChLW3oLW0AAMwur.jpg,3
http://pbs.twimg.com/media/ChL9Y02UYAAn25p.jpg,3
http://pbs.twimg.com/ext_tw_video_thumb/725695373402996736/pu/img/2CJ6GOgTvF5AOAIR.jpg,3
http://pbs.twimg.com/media/ChMDuhGUoAAvZlX.jpg,3
http://pbs.twimg.com/media/ChHwvj1WgAAV9Se.jpg,3
http://pbs.twimg.com/media/ChI3ROnWMAAsc02.png,3
http://pbs.twimg.com/media/ChKD0glU0AAmxrV.jpg,3
http://pbs.twimg.com/media/ChHN7tzUUAAe0I9.jpg,3
http://pbs.twimg.com/media/ChLuW-pUUAAyYc7.jpg,3
http://pbs.twimg.com/media/ChIp0RIWwAAWW_T.jpg,3
http://pbs.twimg.com/media/Cg4JiQWW0AAeJ9p.jpg,3
http://pbs.twimg.com/media/ChLhgSPU8AAv1Rh.jpg,3
http://pbs.twimg.com/media/ChI1Y-BUgAA2ghk.jpg,3
http://pbs.twimg.com/media/ChJMblqWYAE6ApF.jpg,3
http://pbs.twimg.com/media/CdRwa8dUYAAHyA4.jpg,3
http://pbs.twimg.com/media/ChKNc7cWwAUrYvD.jpg,3
http://pbs.twimg.com/media/ChIrLOZWIAAEOuq.jpg,3
http://pbs.twimg.com/media/ChIIYq6WwAA8PFU.jpg,3
http://pbs.twimg.com/media/ChIy0rIVEAADq5F.jpg,3
http://pbs.twimg.com/media/B5t0zLQCQAIP7kI.jpg,3
http://pbs.twimg.com/media/B-T-xsOCEAANcsg.jpg,3
http://pbs.twimg.com/media/ChJhNEvU4AAH6z2.jpg,3
http://pbs.twimg.com/media/ChGSI11U4AA6vh_.jpg,3
http://pbs.twimg.com/media/ChJ98UvW0AQdEg2.jpg,3
http://pbs.twimg.com/media/ChKNfZrUoAA58by.jpg,3
http://pbs.twimg.com/media/ChL92RtUkAADcol.jpg,3
http://pbs.twimg.com/media/BX6J__nCEAIbSdk.jpg,3
http://pbs.twimg.com/media/Cg7wL2VU8AAt8Wt.jpg,3
http://pbs.twimg.com/media/ChGlseBUkAA0uZv.jpg,3
http://pbs.twimg.com/media/Cg7wQcuWkAY-mVa.jpg,3
http://pbs.twimg.com/media/ChLdRwEUUAA5sXm.jpg,3
http://pbs.twimg.com/media/ChLPCh-W4AESS4S.jpg,3
http://pbs.twimg.com/media/ChL4dBSUUAACRkI.jpg,3
http://pbs.twimg.com/media/ChKLoApWMAImZw6.jpg,3
http://pbs.twimg.com/media/ChMehf4UkAAnZFW.jpg,3
http://pbs.twimg.com/media/ChJgzLuUUAApoC3.jpg,3
http://pbs.twimg.com/media/ChG5fCnWMAAtMbf.jpg,3
http://pbs.twimg.com/media/ChHpkqjU0AAWjv9.jpg,3
http://pbs.twimg.com/media/ChLKKrcUgAATWX8.jpg,3
http://pbs.twimg.com/media/ChJzQCiWYAgWl2h.jpg,3
http://pbs.twimg.com/media/CbaJx1iWIAAOxjD.png,3
http://pbs.twimg.com/media/ChLFkp7U0AAJQxF.jpg,3
http://pbs.twimg.com/media/ChKrSstWwAAEqMi.jpg,3
http://pbs.twimg.com/media/ChLc311UgAAVzTX.jpg,3
http://pbs.twimg.com/media/ChJ19ieU4AAEdxv.jpg,3
http://pbs.twimg.com/media/ChLiVQdW0AAfKQA.jpg,3
http://pbs.twimg.com/media/ChK5o8HWwAAoip7.jpg,3
http://pbs.twimg.com/media/ChIxq8-UcAA0fO1.jpg,3
http://pbs.twimg.com/media/ChFyO9KU0AErVAR.jpg,3
http://pbs.twimg.com/media/ChHpjn_UYAIsCE-.jpg,3
http://pbs.twimg.com/media/ChIyXPbU4AEOpTj.jpg,3
http://pbs.twimg.com/media/CP7HTQGWsAArX9h.jpg,3
http://pbs.twimg.com/media/ChLUCDuU0AAX7eW.jpg,3
http://pbs.twimg.com/ext_tw_video_thumb/725875471326449664/pu/img/EWP76FjkqIz6TLwI.jpg,3
http://pbs.twimg.com/media/ChJ2CcRUUAApCBN.jpg,3
http://pbs.twimg.com/media/ChHrW2hWwAAbQq_.jpg,3
http://pbs.twimg.com/media/ChIxqJjWwAE3Gd-.jpg,3
http://pbs.twimg.com/media/BhSRizCIcAAf38E.png,3
http://pbs.twimg.com/media/ChMHRiaUkAAQmay.jpg,3
http://pbs.twimg.com/media/ChJg7V4W0AEXHvx.jpg,3
http://pbs.twimg.com/media/ChJg5EiW0AA5NLw.jpg,3
http://pbs.twimg.com/media/ChLUghKWMAAsRVr.jpg,3
http://pbs.twimg.com/media/ChLNwPxWwAEe3-G.jpg,3
http://pbs.twimg.com/media/CaXBa_6UkAAqVZr.jpg,3
http://pbs.twimg.com/media/ChMaVN1WwAACF53.jpg,3
http://pbs.twimg.com/media/ChMGqDlUcAAs_HI.jpg,3
http://pbs.twimg.com/media/ChFhWZyUgAAMJbZ.jpg,3
http://pbs.twimg.com/media/ChI0En2UkAQ8A4y.jpg,3
http://pbs.twimg.com/media/ChI0SqSXEAALjhw.jpg,3
http://pbs.twimg.com/media/Cg8laehWgAAQ2Ty.jpg,3
http://pbs.twimg.com/media/ChLLI9ZUoAAkKjn.jpg,3
http://pbs.twimg.com/media/Ccj6Sy1VAAAkZEJ.jpg,3
http://pbs.twimg.com/media/ChFyzVlU8AEL0NG.jpg,3
http://pbs.twimg.com/media/ChKAOJ7UUAA4TNB.jpg,3
http://pbs.twimg.com/media/CUqMdcGVEAAN0-t.jpg,3
http://pbs.twimg.com/media/ChIWyRnWMAAOpAJ.jpg,3
http://pbs.twimg.com/media/ChLrQ40U8AABNsW.jpg,3
http://pbs.twimg.com/media/ChI05FBUoAEUO7x.jpg,3
http://pbs.twimg.com/media/ChJGz4MWIAAJ5pV.jpg,3
http://pbs.twimg.com/media/CdRKl8VVAAA0YUe.jpg,3
http://pbs.twimg.com/media/CONbQIPUcAE57Kn.jpg,3
http://pbs.twimg.com/media/ChJLBNRUYAAxCRg.jpg,3
http://pbs.twimg.com/media/ChLfuJPUkAAImi3.jpg,3
http://pbs.twimg.com/media/ChLdj08WwAAkweh.jpg,3
http://pbs.twimg.com/media/ChJT9PIUcAAqh1e.jpg,3
http://pbs.twimg.com/media/ChI4lMHU8AARWSr.jpg,3
http://pbs.twimg.com/media/ChMinWSWMAA3a-I.jpg,3
http://pbs.twimg.com/media/ChKNOUkW4AIF3_h.jpg,3
http://pbs.twimg.com/media/ChJM5b1WkAESBba.jpg,3
http://pbs.twimg.com/ext_tw_video_thumb/725892897405542400/pu/img/IRkmP-h1vHzsQJcv.jpg,3
http://pbs.twimg.com/media/ChLODrkUgAAJcAn.jpg,3
http://pbs.twimg.com/media/ChKqE7KUgAEqELh.jpg,3
http://pbs.twimg.com/media/ChLc4u5U8AA3I6q.jpg,3
http://pbs.twimg.com/media/CdpT2cxW8AAWxQR.jpg,3
http://pbs.twimg.com/media/ChFtWaYUcAAnCfa.jpg,3
http://pbs.twimg.com/media/ChLU2eCVEAAQTLv.jpg,3
http://pbs.twimg.com/media/ChMRsEzUkAAYP5U.jpg,3
http://pbs.twimg.com/media/ChJ1V2TUkAAsVca.jpg,3
http://pbs.twimg.com/media/ChGd2BKXEAA2wBw.jpg,3
http://pbs.twimg.com/media/ChMeS4hWIAApelw.jpg,3
http://pbs.twimg.com/media/ChHxy3WU4AE-nhm.jpg,3
http://pbs.twimg.com/media/ChLc6_DWgAEo2Tu.jpg,3
http://pbs.twimg.com/media/ChIIOv9WkAEObq8.jpg,3
http://pbs.twimg.com/media/ChIvWFXW0AAjq76.jpg,3
http://pbs.twimg.com/media/ChMeLzEXEAAJhrD.jpg,3
http://pbs.twimg.com/media/ChIwT_JWMAA7I9W.jpg,3
http://pbs.twimg.com/media/ChMtH8EWgAEpp7R.jpg,3
http://pbs.twimg.com/media/ChIG-VcWkAAIjkm.jpg,3
http://pbs.twimg.com/media/ChHjNaNUUAIpMRi.jpg,3
http://pbs.twimg.com/media/ChInFuEU8AEoc9j.jpg,3
http://pbs.twimg.com/ext_tw_video_thumb/722042886842294272/pu/img/0_C8eXuWNNrTBdma.jpg,3
http://pbs.twimg.com/media/ChHfxb7XEAAtd23.jpg,3
http://pbs.twimg.com/media/Ce5DlqGUsAIOTpS.jpg,3
http://pbs.twimg.com/media/ChIp881UoAAc__6.jpg,3
http://pbs.twimg.com/media/ChJu7EuW0AA_OyI.jpg,3
http://pbs.twimg.com/media/ChJ__QLW4AIBAc_.jpg,3
http://pbs.twimg.com/media/ChIVUmBU0AEX7YJ.jpg,3
http://pbs.twimg.com/media/Cebme7TWAAIWCXF.jpg,3
http://pbs.twimg.com/media/ChLAkDcUcAE-EhF.jpg,3
http://pbs.twimg.com/media/ChLeNojUYAAeyEI.jpg,3
http://pbs.twimg.com/media/ChHtD4sXEAAe1Jg.jpg,3
http://pbs.twimg.com/media/ChBUqhoUcAEWuuW.jpg,3
http://pbs.twimg.com/media/CgofBPHVEAA-rD4.jpg,3
http://pbs.twimg.com/media/ChImdLcUgAA_wka.jpg,3
http://pbs.twimg.com/media/CgkJDGHWIAAiz1R.jpg,3
http://pbs.twimg.com/media/ChHwTv4UcAAhR7T.jpg,3
http://pbs.twimg.com/media/ChMasz9UkAEZ0Fh.jpg,3
http://pbs.twimg.com/media/ChJJULFWMAAm-eD.jpg,3
http://pbs.twimg.com/ext_tw_video_thumb/722039338125537281/pu/img/M6h_hWi2MHBOoqhv.jpg,3
http://pbs.twimg.com/media/ChJJb6AUUAA1JGF.jpg,3
http://pbs.twimg.com/media/ChLaBQpUYAAzq7C.jpg,3
http://pbs.twimg.com/media/ChIsMOFWkAAx4cC.jpg,3
http://pbs.twimg.com/media/CRoAHooWoAAtGlp.png,3
http://pbs.twimg.com/media/ChHO0FNWgAEU_hQ.jpg,3
http://pbs.twimg.com/media/ChJJaGmWgAEGzUL.jpg,3
http://pbs.twimg.com/media/ChLav7eUYAAYpP5.jpg,3
http://pbs.twimg.com/media/ChJXf3yWMAAQOiQ.jpg,3
http://pbs.twimg.com/media/ChL9erSUoAErUj5.jpg,3
http://pbs.twimg.com/media/ChMnpc3WYAAfRva.jpg,3
http://pbs.twimg.com/media/ChItBzPWIAAZb7s.jpg,3
http://pbs.twimg.com/media/ChFew7HU0AAKGQV.jpg,3
http://pbs.twimg.com/media/ChJI6HMWYAIzLDv.jpg,3
http://pbs.twimg.com/media/ChJI4m4WYAAw12A.jpg,3
http://pbs.twimg.com/media/ChLyjb5U4AEZx7H.jpg,3
http://pbs.twimg.com/media/ChIXTjGWIAA3WxS.jpg,3
http://pbs.twimg.com/media/ChF9SAjWgAAQnnw.jpg,3
http://pbs.twimg.com/media/ChK6PwcUcAQ_wD-.jpg,3
http://pbs.twimg.com/media/ChJ5kVTW4AEJ4d2.jpg,3
http://pbs.twimg.com/ext_tw_video_thumb/725745097426518016/pu/img/S4CrkkjSYRLEVKuf.jpg,3
http://pbs.twimg.com/media/ChHRf5OW4AAtjSi.jpg,3
http://pbs.twimg.com/media/ChB9rw-U4AAoqOZ.jpg,3
http://pbs.twimg.com/media/ChHOhdzW4AIPRBs.jpg,3
http://pbs.twimg.com/media/ChL1m8AU4AEr0zD.jpg,3
http://pbs.twimg.com/media/CQ1VoHRWwAAxRpn.png,3
http://pbs.twimg.com/media/ChLEHwsWIAAdKW8.jpg,3
http://pbs.twimg.com/media/Cg6sGXTWYAAJnj5.jpg,3
http://pbs.twimg.com/media/ChLZI-fUcAACYLW.jpg,3
http://pbs.twimg.com/media/ChIdNfzU8AEsqHx.jpg,3
http://pbs.twimg.com/media/ChLC2iEWkAAdlsl.jpg,3
http://pbs.twimg.com/media/ChJCitNWYAE4cLO.jpg,3
http://pbs.twimg.com/media/ChJo6hgXEAAsIYz.jpg,3
http://pbs.twimg.com/media/ChJ5dW7XEAECk9g.jpg,3
http://pbs.twimg.com/media/ChLpZpXU4AAgl_K.jpg,3
http://pbs.twimg.com/media/ChI772sW0AASM4W.jpg,3
http://pbs.twimg.com/media/ChIfLRSWwAIOsSm.jpg,3
http://pbs.twimg.com/media/ChHwy-gWwAE_sDp.jpg,3
http://pbs.twimg.com/media/ChLDFozW4AACPPu.jpg,3
http://pbs.twimg.com/media/ChJ3fkBWIAEfR_C.jpg,3
http://pbs.twimg.com/media/ChLqALnUYAICl5K.jpg,3
http://pbs.twimg.com/media/ChH51ANWkAAppRs.jpg,3
http://pbs.twimg.com/media/ChIN5laWYAAXf6s.jpg,3
http://pbs.twimg.com/media/ChF4TlfWIAA4WDQ.jpg,3
http://pbs.twimg.com/media/ChK7s9lU8AEBIjB.jpg,3
http://pbs.twimg.com/media/ChJPYmRWIAEMwhk.jpg,3
http://pbs.twimg.com/media/ChIRlz1WwAAIPLv.jpg,3
http://pbs.twimg.com/media/ChK-2jwW0AAGUYm.jpg,3
http://pbs.twimg.com/media/CgxY0iKUUAEku2p.jpg,3
http://pbs.twimg.com/media/ChCULu2XEAAni10.jpg,3
http://pbs.twimg.com/media/CXsLQssWwAE6YBK.jpg,3
http://pbs.twimg.com/media/ChJVZBEW4AEGoqu.jpg,3
http://pbs.twimg.com/media/ChLjVgcWwAAzvJU.jpg,3
http://pbs.twimg.com/media/CdNiUv5VAAAX7qS.jpg,3
http://pbs.twimg.com/media/ChJNA6nUkAAZyIw.jpg,3
http://pbs.twimg.com/media/ChKZr_xWwAEYW7y.jpg,3
http://pbs.twimg.com/media/ChJQR_cUYAAVXVI.jpg,3
http://pbs.twimg.com/media/ChKpIJEWkAQ7svG.jpg,3
http://pbs.twimg.com/media/ChJaT9TWYAAWpg-.jpg,3
http://pbs.twimg.com/media/Cg9x8SgWIAUdJtK.jpg,3
http://pbs.twimg.com/media/ChIYv0pU8AAmkop.jpg,3
http://pbs.twimg.com/media/ChIM0EcU0AAzNU-.jpg,3
http://pbs.twimg.com/media/BliDLBfIcAAR48n.jpg,3
http://pbs.twimg.com/media/ChKQwoMWUAAYzkp.jpg,3
http://pbs.twimg.com/media/ChIYmNcWkAAGky3.jpg,3
http://pbs.twimg.com/media/ChHqL52XEAAHmeV.jpg,3
http://pbs.twimg.com/media/ChJLH0MUYAEomMm.jpg,3
http://pbs.twimg.com/media/ChA9W0RVEAAxxKe.jpg,3
http://pbs.twimg.com/media/ChIsW7lWgAENVm3.jpg,3
http://pbs.twimg.com/media/ChIUWQgUYAE28oV.png,3
http://pbs.twimg.com/media/ChLllwwWYAEf3Ax.jpg,3
http://pbs.twimg.com/media/ChKHBW0WwAYvLCZ.jpg,3
http://pbs.twimg.com/media/ChHN6evWIAAaExJ.jpg,3
http://pbs.twimg.com/media/ChG1uNMUUAAa3r7.jpg,3
http://pbs.twimg.com/media/ChKqQAzWMAAZ8A1.jpg,3
http://pbs.twimg.com/media/ChJ4aCRWkAIbL13.jpg,3
http://pbs.twimg.com/media/ChHHcsOWwAA63tD.jpg,3
http://pbs.twimg.com/media/ChH23Q9XEAIouLM.jpg,3
http://pbs.twimg.com/ext_tw_video_thumb/718561184669048833/pu/img/V283AUomYswcaRkn.jpg,3
http://pbs.twimg.com/media/ChE4BEaUUAA4y2h.jpg,3
http://pbs.twimg.com/media/ChIn6ydUcAAqFdj.jpg,3
http://pbs.twimg.com/media/CCkJhr0WMAE4mLm.jpg,3
http://pbs.twimg.com/media/ChH2X1FWYAA8Dxq.jpg,3
http://pbs.twimg.com/media/ChJ3w9EWkAIuyCC.jpg,3
http://pbs.twimg.com/media/ChIsmCWWYAA5j5i.jpg,3
http://pbs.twimg.com/media/ChK6M_MW4AQtaAB.jpg,3
http://pbs.twimg.com/media/ChMrSY-WYAA8wz7.jpg,3
http://pbs.twimg.com/media/Ceevty-WAAAZQRT.jpg,3
http://pbs.twimg.com/media/ChIYXsVWIAAowoc.jpg,3
http://pbs.twimg.com/media/ChKqFc6XEAAelnD.jpg,3
http://pbs.twimg.com/media/ChLbQ6cXEAAeuQ9.jpg,3
http://pbs.twimg.com/ext_tw_video_thumb/725522041776930816/pu/img/yz3cS_k9EExBayFq.jpg,3
http://pbs.twimg.com/media/ChMJdblU8AAD4pE.jpg,3
http://pbs.twimg.com/media/ChJOGIhUkAI6Mv8.jpg,3
http://pbs.twimg.com/media/ChIXjgxXEAA6gWm.jpg,3
http://pbs.twimg.com/media/ChJnsUtUYAAzlKN.jpg,3
http://pbs.twimg.com/media/Cev5Y1PW8AES0Fz.jpg,3
http://pbs.twimg.com/media/ChIsiEZWwAAFebB.jpg,3
http://pbs.twimg.com/media/ChLzbyCUkAEfcIK.jpg,3
http://pbs.twimg.com/media/ChJT_ewU8AA4rPh.jpg,3
http://pbs.twimg.com/media/ChKaY25U8AIHsQ8.jpg,3
http://pbs.twimg.com/media/ChKGOMtU8AAZKSH.jpg,3
http://pbs.twimg.com/media/ChIEd1wWkAEfd_7.jpg,3
http://pbs.twimg.com/media/ChIM1SMUUAAaDd2.png,3
http://pbs.twimg.com/media/CgaVaM0UkAERmb6.jpg,3
http://pbs.twimg.com/media/ChLX_89WgAAjh5F.jpg,3
http://pbs.twimg.com/media/ChLGOHPW4AIDYd-.jpg,3
http://pbs.twimg.com/media/ChJ1cOoWgAMZkj6.jpg,3
http://pbs.twimg.com/media/ChDrxKjUkAARag4.jpg,3
http://pbs.twimg.com/ext_tw_video_thumb/724606757276884992/pu/img/bzvRtH5t3_09jS2S.jpg,3
http://pbs.twimg.com/media/ChLlWqqW0AEjm9U.jpg,3
http://pbs.twimg.com/media/ChLEQnnWMAAuWMc.jpg,3
http://pbs.twimg.com/media/CQ9poiHWwAAzJVj.jpg,3
http://pbs.twimg.com/media/ChIhCsVWIAAU7ro.jpg,3
http://pbs.twimg.com/media/ChItqIqU8AAWQq7.jpg,3
http://pbs.twimg.com/media/ChIoL8cW4AAXMc3.jpg,3
http://pbs.twimg.com/media/ChJObqYWkAA7EdV.jpg,3
http://pbs.twimg.com/media/ChJYVRFU0AQyD3L.jpg,3
http://pbs.twimg.com/media/ChLbUkvU4AAwBGu.jpg,3
http://pbs.twimg.com/media/ChLE2-0W4AE7wVW.jpg,3
http://pbs.twimg.com/media/ChLq6mtU4AAt3TK.jpg,3
http://pbs.twimg.com/media/ChLFXw8U8AAdVlc.jpg,3
http://pbs.twimg.com/media/ChH3h2lW0AA_gOj.jpg,3
http://pbs.twimg.com/media/Cgd_XfuWIAASZxd.jpg,3
http://pbs.twimg.com/media/ChJkBrDU8AA563X.jpg,3
http://pbs.twimg.com/media/CWNLu0NWIAASwbm.jpg,3
http://pbs.twimg.com/media/ChMEeozUoAQWpaN.jpg,3
http://pbs.twimg.com/media/ChImd4KWkAAPQfp.jpg,3
http://pbs.twimg.com/media/ChJeswjUgAA9fEy.jpg,3
http://pbs.twimg.com/media/ChHycDWWMAAdnkW.jpg,3
http://pbs.twimg.com/media/ChLxphxU8AAFh1j.jpg,3
http://pbs.twimg.com/media/ChJGMgNWMAAj6mD.jpg,3
http://pbs.twimg.com/media/CRx--O_WsAEvQvF.jpg,3
http://pbs.twimg.com/media/ChJ_6TAW0AUPZFr.jpg,3
http://pbs.twimg.com/media/ChKJHq8WIAADu5u.jpg,3
http://pbs.twimg.com/media/ChLcJodU0AALKg6.jpg,3
http://pbs.twimg.com/media/ChKIVS0UUAEuZJE.jpg,3
http://pbs.twimg.com/media/ChIk5MNWMAAdYjp.jpg,3
http://pbs.twimg.com/media/ChJesi5U4AA6Rxt.jpg,3
http://pbs.twimg.com/media/ChIloAMWwAE0W_c.jpg,3
http://pbs.twimg.com/media/ChLGbJNUYAE18L8.jpg,3
http://pbs.twimg.com/media/ChHjNMsW4AA-WWz.jpg,3
http://pbs.twimg.com/media/ChGrhqzUkAIS-AD.jpg,3
http://pbs.twimg.com/media/ChI-tvaW0AAfZvg.jpg,3
http://pbs.twimg.com/media/ChIy6MdUYAAe1dC.jpg,3
http://pbs.twimg.com/media/ChLcRUoWUAAbAjn.jpg,3
http://pbs.twimg.com/media/ChLGa13UgAAzCvr.jpg,3
http://pbs.twimg.com/media/ChMAMyHU0AAZhkE.jpg,3
http://pbs.twimg.com/media/ChHmaZgUUAA_wGd.jpg,3
http://pbs.twimg.com/ext_tw_video_thumb/725114681162010624/pu/img/hfPPCwMAFaEEWLdv.jpg,3
http://pbs.twimg.com/media/ChINyUpUYAAy-_N.png,3
http://pbs.twimg.com/media/ChLGPvXWIAEMsyG.jpg,3
http://pbs.twimg.com/media/ChEYcE8UoAAPgOh.jpg,3
http://pbs.twimg.com/media/Cg_7fJmWkAAPAVK.jpg,3
http://pbs.twimg.com/media/ChJkLbxUoAIFtoS.jpg,3
http://pbs.twimg.com/media/ChLYsFCW4AEoA1H.jpg,3
http://pbs.twimg.com/media/ChI3aU2UkAAtNQW.jpg,3
http://pbs.twimg.com/media/ChGbB_4U4AAEoOq.jpg,3
http://pbs.twimg.com/ext_tw_video_thumb/723907790759165952/pu/img/DQefPBoiA5p6DZu3.jpg,3
http://pbs.twimg.com/media/ChMjCx3W0AAP_eM.jpg,3
http://pbs.twimg.com/media/ChMdNWjUYAEagqw.jpg,3
http://pbs.twimg.com/media/ChLEFymUYAAyo1e.jpg,3
http://pbs.twimg.com/ext_tw_video_thumb/716856678059081728/pu/img/rVNbJQnIg7feLn-U.jpg,3
http://pbs.twimg.com/media/ChJ5wLVWwAE7k3a.jpg,3
http://pbs.twimg.com/media/ChJkTrtW0AAt69G.jpg,3
http://pbs.twimg.com/media/ChHwGQPWYAA-D1M.jpg,3
http://pbs.twimg.com/media/ChIfE_uWMAI-WRA.jpg,3
http://pbs.twimg.com/media/ChHgpPrUoAAy0P3.jpg,3
http://pbs.twimg.com/media/ChLYQqdXEAAZ9vJ.jpg,3
http://pbs.twimg.com/media/ChIqxCnU4AAZadW.jpg,3
http://pbs.twimg.com/media/ChMM7rHUYAAVB07.jpg,3
http://pbs.twimg.com/media/Cg-ziF3XEAEfTgN.jpg,3
http://pbs.twimg.com/media/ChKV8SzWgAMisD_.jpg,3
http://pbs.twimg.com/media/ChHzJu1WYAAaZ5f.jpg,3
http://pbs.twimg.com/media/ChLFE0eWwAE9A3g.jpg,3
http://pbs.twimg.com/media/ChLbeGMUoAAdvKG.jpg,2
http://pbs.twimg.com/media/ChMIOYIU0AA7GQV.jpg,2
http://pbs.twimg.com/media/ChMH1w0U0AAxibq.jpg,2
http://pbs.twimg.com/media/ChHxDDyUYAAP5pp.jpg,2
http://pbs.twimg.com/media/ChImVUtU8AA8SiD.jpg,2
http://pbs.twimg.com/media/ChH18bWWUAIfNbS.jpg,2
http://pbs.twimg.com/media/ChHw2p0UcAETVQn.jpg,2
http://pbs.twimg.com/media/ChFPMBDW4AAeYnt.jpg,2
http://pbs.twimg.com/media/ChMIkhKUYAI3LqU.jpg,2
http://pbs.twimg.com/media/ChCBXIYUYAAcp68.jpg,2
http://pbs.twimg.com/media/ChH6mbmU8AAmsPq.jpg,2
http://pbs.twimg.com/media/ChFvTSGU0AUMFmg.jpg,2
http://pbs.twimg.com/media/ChH2vPNWMAEt6zo.jpg,2
http://pbs.twimg.com/ext_tw_video_thumb/724470899835961345/pu/img/uzMA-3HX7XpGoKWo.jpg,2
http://pbs.twimg.com/media/ChHxMsUUkAEMwPE.jpg,2
http://pbs.twimg.com/media/ChAidF0UYAAnZeM.jpg,2
http://pbs.twimg.com/ext_tw_video_thumb/725689847709601793/pu/img/lL-ZJeIBjrFwGb1T.jpg,2
http://pbs.twimg.com/media/ChFhK3FW4AE6U7J.jpg,2
http://pbs.twimg.com/media/ChHx1OyWMAA1Bmv.jpg,2
http://pbs.twimg.com/media/CgKGC8hUsAENOP6.png,2
http://pbs.twimg.com/media/ChIrHGDUoAAGnIJ.jpg,2
http://pbs.twimg.com/media/ChMHH53UgAAU_5K.jpg,2
http://pbs.twimg.com/media/ChMH2AfUUAErUVW.jpg,2
http://pbs.twimg.com/media/ChFgfEYUoAEYjBL.jpg,2
http://pbs.twimg.com/media/ChH18cgWkAAQrgv.jpg,2
http://pbs.twimg.com/media/ChH2pfcU8AACHgV.jpg,2
http://pbs.twimg.com/media/ChH18NaWIAIi1hp.jpg,2
http://pbs.twimg.com/media/ChLbK5RUYAAFa1k.jpg,2
http://pbs.twimg.com/media/CIxNQ2oVEAAk7oU.jpg,2
http://pbs.twimg.com/media/ChHHuZeW4AAmTZo.jpg,2
http://pbs.twimg.com/media/ChDFwaZVEAAdaP_.jpg,2
http://pbs.twimg.com/media/ChIrQ21WYAcwgXF.jpg,2
http://pbs.twimg.com/media/ChLbW_AUkAAeVOB.jpg,2
http://pbs.twimg.com/media/ChIrEiLUcAI2z_J.jpg,2
http://pbs.twimg.com/media/ChMf5GUWgAAol03.jpg,2
http://pbs.twimg.com/media/ChHxQyZW4AAcVDV.jpg,2
http://pbs.twimg.com/media/ChMf5S1WIAAzKnm.jpg,2
http://pbs.twimg.com/media/ChGgR51WgAERU1f.jpg,2
http://pbs.twimg.com/media/ChLbjPMWMAAbqjh.jpg,2
http://pbs.twimg.com/media/ChMImn5UkAAqcwM.jpg,2
http://pbs.twimg.com/media/ChLdFV4UUAA2SbK.jpg,2
http://pbs.twimg.com/media/ChIDZ2xWUAAhmst.jpg,2
http://pbs.twimg.com/media/ChMfiUmUgAAHxqi.jpg,2
http://pbs.twimg.com/media/CZ56vKXUAAQ326W.jpg,2
http://pbs.twimg.com/media/CVBDBVGXAAIgiLz.jpg,2
http://pbs.twimg.com/media/ChH18ReW4AABZO5.jpg,2
http://pbs.twimg.com/media/ChMIiMGUUAI6Kan.jpg,2
http://pbs.twimg.com/media/ChLbczcWUAAKS__.jpg,2
http://pbs.twimg.com/media/ChLcUAAUcAEXZmB.jpg,2
http://pbs.twimg.com/media/ChMJ3NOVEAAj7my.jpg,2
http://pbs.twimg.com/media/ChFGnulU0AAv7e1.jpg,2
http://pbs.twimg.com/media/ChFyzLAXEAAlt6c.jpg,2
http://pbs.twimg.com/media/ChIZyraWwAA7b8z.jpg,2
http://pbs.twimg.com/media/ChMHzm2UYAA8N-o.jpg,2
http://pbs.twimg.com/media/ChL4-n1UYAEHUcd.jpg,2
http://pbs.twimg.com/media/ChHxwOmWwAANbZF.jpg,2
http://pbs.twimg.com/media/ChH2ECVWMAALmb-.jpg,2
http://pbs.twimg.com/media/ChMH14BUcAAJ6Jw.jpg,2
http://pbs.twimg.com/media/CJtM3Q9UkAAba0d.jpg,2
http://pbs.twimg.com/media/Cfq17mcWwAAwqSZ.jpg,2
http://pbs.twimg.com/media/ChLcnofUcAAj4YW.jpg,2
http://pbs.twimg.com/media/ChMf5qyWwAE0iW4.jpg,2
http://pbs.twimg.com/media/ChMf5zmXEAADBXI.jpg,2
http://pbs.twimg.com/media/ChIMr9PU8AASV7a.jpg,2
http://pbs.twimg.com/media/ChHxcTyU8AAKbSi.jpg,2
http://pbs.twimg.com/media/ChHBMnrWwAEHxeJ.jpg,2
http://pbs.twimg.com/media/ChLbZX5WIAImd0S.jpg,2
http://pbs.twimg.com/media/ChMf6cDWwAAQHD4.jpg,2
http://pbs.twimg.com/media/ChH3iGcWkAUFTla.jpg,2
http://pbs.twimg.com/media/ChHxBjPWkAAvQjh.jpg,2
http://pbs.twimg.com/media/ChLbRL9XEAAD1an.jpg,2
http://pbs.twimg.com/media/ChLccgMWYAI7WIn.jpg,2
http://pbs.twimg.com/media/Ce4z6AuW4AASkS8.jpg,2
http://pbs.twimg.com/media/ChIrZd-WUAAQQDE.jpg,2
http://pbs.twimg.com/media/ChHx1d8W0AMP2wl.jpg,2
http://pbs.twimg.com/media/ChCMMg4WMAA8VRg.jpg,2
http://pbs.twimg.com/media/ChIWp5mW0AQbpaJ.jpg,2
http://pbs.twimg.com/ext_tw_video_thumb/725688485030539264/pu/img/Wi1z7BpeJ8Zm-nh5.jpg,2
http://pbs.twimg.com/media/ChH18gFWwAASkve.jpg,2
http://pbs.twimg.com/media/ChK0Zq_WYAABhIq.jpg,2
http://pbs.twimg.com/media/ChLdtq7UgAQQLrE.jpg,2
http://pbs.twimg.com/media/ChMHN4FVEAAG4Wc.jpg,2
http://pbs.twimg.com/media/CfPfYHFXIAADe3E.jpg,2
http://pbs.twimg.com/media/ChHxJjRU8AA8BBs.jpg,2
http://pbs.twimg.com/media/ChMJvZnUkAASKnE.jpg,2
http://pbs.twimg.com/media/ChET5RlWUAADfVA.jpg,2
http://pbs.twimg.com/media/ChF84AjWIAApLC9.jpg,2
http://pbs.twimg.com/media/CWMsTHWWIAAb8-c.jpg,2
http://pbs.twimg.com/media/CHgYx2vUsAAdZtI.jpg,2
http://pbs.twimg.com/media/CIEWu0LUcAAOdnH.png,2
http://pbs.twimg.com/media/ChFC9YtWkAIbnPm.jpg,2
http://pbs.twimg.com/media/ChLoMJQUYAA1tJM.jpg,2
http://pbs.twimg.com/ext_tw_video_thumb/725658172355186688/pu/img/LcpUJtVUPsJsUOMH.jpg,2
http://pbs.twimg.com/media/ChMdDOfU4AEQnlV.jpg,2
http://pbs.twimg.com/media/ChH0pZgWUAAl01A.jpg,2
http://pbs.twimg.com/media/ChMYaFOUUAEOWCn.jpg,2
http://pbs.twimg.com/media/ChLyz_RUoAAzAuJ.jpg,2
http://pbs.twimg.com/media/ChIS-A7U8AEf2th.jpg,2
http://pbs.twimg.com/media/ChGw2ZBUgAAR0mE.jpg,2
http://pbs.twimg.com/media/ChLyq3TUUAANMJq.jpg,2
http://pbs.twimg.com/media/ChIoIFYWIAASoMZ.jpg,2
http://pbs.twimg.com/media/ChMT-OAUgAAN3bq.jpg,2
http://pbs.twimg.com/media/ChLyt0SU8AEJOhn.jpg,2
http://pbs.twimg.com/media/Cg7qb8zWIAEpq9q.jpg,2
http://pbs.twimg.com/media/B0Hi5yqCYAAdW6s.jpg,2
http://pbs.twimg.com/ext_tw_video_thumb/725919545899110401/pu/img/FAfv82bPEDFYVa6t.jpg,2
http://pbs.twimg.com/media/ChIXVrxWYAAxXZd.jpg,2
http://pbs.twimg.com/media/ChHz5-nWIAAwB30.jpg,2
http://pbs.twimg.com/media/ChIXW-8W0AAXchv.png,2
http://pbs.twimg.com/media/ChIno9yWgAAYOtc.jpg,2
http://pbs.twimg.com/media/ChMC22rUoAEr-wZ.png,2
http://pbs.twimg.com/media/ChF5qHWWYAQm4Cf.jpg,2
http://pbs.twimg.com/media/ChHzrB4WIAAlMLw.jpg,2
http://pbs.twimg.com/media/ChB7G8PU0AE5mEN.jpg,2
http://pbs.twimg.com/media/Cg6lhzeWIAEaN8L.jpg,2
http://pbs.twimg.com/media/ChD7F06U8AAZb-J.jpg,2
http://pbs.twimg.com/media/CgyuZ74UUAEnDkN.jpg,2
http://pbs.twimg.com/media/ChEmDKpVEAAs0fP.jpg,2
http://pbs.twimg.com/media/ChHzJr5UYAApMMg.jpg,2
http://pbs.twimg.com/media/ChIoO3aU0AEa3wc.jpg,2
http://pbs.twimg.com/media/Cg_t72wUoAEYjd4.jpg,2
http://pbs.twimg.com/media/ChHy_lrU0AAaE6D.jpg,2
http://pbs.twimg.com/media/ChLxKWwU8AMiYZ7.jpg,2
http://pbs.twimg.com/media/ChHzA5QW0AAccne.jpg,2
http://pbs.twimg.com/media/ChIe421WkAAT_oM.jpg,2
http://pbs.twimg.com/media/ChIoge-W4AETuLF.jpg,2
http://pbs.twimg.com/media/ChHy_iCWkAEj4ho.jpg,2
http://pbs.twimg.com/media/CHK4hTzW4AI_ZXm.jpg,2
http://pbs.twimg.com/media/ChMdh2LWUAAuiZ9.jpg,2
http://pbs.twimg.com/media/ChME2NKUoAAo4Q1.jpg,2
http://pbs.twimg.com/media/ChCGcGlXEAQj6s6.jpg,2
http://pbs.twimg.com/media/ChHy_bHUoAA-JIc.jpg,2
http://pbs.twimg.com/media/Ce-oaWiW8AYiTvl.jpg,2
http://pbs.twimg.com/media/ChHzBhvXEAEPii6.jpg,2
http://pbs.twimg.com/media/ChMTTU5UUAAJIYX.jpg,2
http://pbs.twimg.com/media/ChLplLoUoAEyoi2.jpg,2
http://pbs.twimg.com/media/ChLpsDMVEAAtARc.jpg,2
http://pbs.twimg.com/media/ChInT7xWUAAjC6J.jpg,2
http://pbs.twimg.com/media/ChLt91aU0AApBoj.jpg,2
http://pbs.twimg.com/media/ChLvyqnUgAAY42N.jpg,2
http://pbs.twimg.com/ext_tw_video_thumb/725892287767580672/pu/img/YgVNInwhibVGH278.jpg,2
http://pbs.twimg.com/media/ChLmyVHWgAAJ9Fs.jpg,2
http://pbs.twimg.com/media/ChHxnXtWgAApq0n.png,2
http://pbs.twimg.com/media/ChLxvTkUcAACuqK.jpg,2
http://pbs.twimg.com/media/ChG10EEWMAAWVb4.jpg,2
http://pbs.twimg.com/media/ChIdKL0UYAI001B.jpg,2
http://pbs.twimg.com/media/ChLfPt7U0AAYbmx.jpg,2
http://pbs.twimg.com/media/ChHOJNBWwAACnBy.jpg,2
http://pbs.twimg.com/media/ChL0BJAUgAE2-qV.jpg,2
http://pbs.twimg.com/media/ChLoZJpUkAEn0UY.jpg,2
http://pbs.twimg.com/media/ChIY5GnWwAAs5In.jpg,2
http://pbs.twimg.com/media/ChIY4lcWgAARNxX.jpg,2
http://pbs.twimg.com/media/ChIXnddUkAEGEsH.jpg,2
