hash,repeats
VIEWS,6769
Apple,3429
727Tracklist,2272
ドリフトスピリッツ,2031
iTunes,1815
apple,1769
iPhone,1317
OVOSOUNDRADIO,1195
SleepMeister,1177
Giants,1080
おじモン,1054
アプリ,839
KUHYESUN,778
구혜선,777
그리고봄,777
SmurfsVillage,765
CiaDm,631
iphone,612
ゆっくり育てていってね,569
Reflex,454
無料,435
NowPlaying,433
bokep,427
Circles,399
misadventures,368
TrueColors,365
ゲーム,357
NFLDraft,352
AppleWatch,351
育成ゲーム,342
Views,341
app,338
tech,332
NFLDraft2016,324
iPad,301
PURPOSE,291
APPS,287
育成,286
scorehero,280
bugil,278
mac,273
memek,272
ngentot,272
bispak,272
MacBook,269
NYGpick,266
news,265
RADIO,256
Deals,254
BuyTrueColorsOniTunes,253
rb_plus,248
NoSéLlorar,247
itunes,238
App,234
juice,221
DangerousWoman,220
startup,219
RT,214
iOS,214
SUPERSTARLIFE,211
TheShadowSide,211
ipad,209
일진에게찍혔을때,205
7day,205
Beats1,197
ios,197
News,197
free,193
UWithMe,191
SliceHEROES,186
ThisIsWhatYouCameFor,185
GiantsDraft,182
وصلة,182
MirandaSingsVsHaters,180
ミュージックビデオ,180
views,180
DarkSummoner,179
AppleNews,178
nowplaying,177
슈퍼주니어,177
강인,177
mPOINTS,175
ReflexGaming,175
マネーファーム,174
kkgame,169
business,168
فطحل_العرب,167
90s,161
ガチャ研,160
映画,158
iWatch,157
CompreJVANoiTunes,156
オトナ,155
Mobile,154
MirandaSingsvHaters,153
deals,152
music,151
podcast,148
Music,141
BILLIONAIRE,139
