keyword,repeats
iPhone,11093
Bid,10902
Now!,10123
music,9973
16GB,5548
iPad,4942
app,4715
Smartphone,4679
"#Apple",3978
&amp,3648
Unlocked,3571
Black,3360
iOS,3327
Wifi,3258
Listen,3211
@AppleMusic,2960
Generation,2707
Space,2674
Gray,2551
iPod,2501
?,2469
Case,2326
macbook,2226
Android,2172
Icahn,2162
Views,2099
5s,2053
Gold,2050
"決めろ！最速ドリフト！スマートフォン向けドリフトゲーム「ドリフトスピリッツ」好評?信中！#ドリフトスピリッツ",2016
Touch,2011
White,2010
mini,1950
Free,1949
64gb,1894
Silver,1892
iTunes,1819
"#iPhone",1757
Carekit,1753
check,1748
latest,1746
at&ampt,1730
Apps,1668
Model,1655
Carl,1650
+,1642
Watch,1629
32GB,1572
Drake,1505
Apples,1464
Factory,1457
6S,1448
4月29日,1447
dont,1430
cover,1418
GB,1387
Buy,1385
AIR,1371
Download,1302
4S,1274
game,1253
Verizon,1229
97in,1208
video,1160
8gb,1157
investor,1132
album,1127
"#iTunes",1067
128GB,1054
"#おじモンAndroid",1051
4th,1043
おじモンをGETしてコンプリートを目指せ！,1024
Billionaire,1022
news,1005
play,997
Apple’s,993
13,990
Google,969
playing,962
shares,945
Twitter,925
4G,913
DEALS,873
Good,867
Radio,862
Core,824
??,817
Giants,809
"#アプリ",806
Big,805
Phone,804
Laptop,801
Hey,786
LOVE,779
/,773
Great,763
"#SmurfsVillage",760
GSM,746
stake,741
Retina,736
time,733
